"X","NADK","CHDH","DGKA","SDHA","CETP","FH","OGDH","CHRNE","SLC6A4","ALDH2","LPCAT3","LDHB","GLS","ODC1","KYNU","MTR","PANK2","PRMT1","IMPA1","LDHA","GCSH","ADCYAP1","PGD","GALM","IPMK","DDAH1","CPT2","PANK4","SMPD1","TK2","MAT2A","KYAT1","CTPS1","MSRA","MTHFR","GLDC","TH","ACADSB","GFPT1","DDO","SDHD","HOGA1"
"ACH-000012",5.19455988602261,1.82374936030827,4.5341861390901,6.54287709935414,0.0840642647884745,6.49521546352043,5.24640808724638,0.22650852980868,0,4.5981269599196,4.79025073883523,10.503428246592,8.01508047561318,7.34456222703313,3.17312743348066,3.82680268428583,4.3547342399706,7.75328361646088,5.28243980500639,10.9623899614223,6.37920505996061,0,6.15299460549244,3.74523733212975,2.53605290024021,5.00854067170295,4.23572705983806,3.88947354253111,3.17312743348066,2.01077983875324,7.72328550477764,2.04264433740849,6.56102057782927,2.83995958748953,1.40599235967584,1.54101915313356,0.01435529297707,1.96347412397489,4.65477921695952,0.443606651475615,6.64472154721798,0.250961573533219
"ACH-000015",6.33806779754262,1.02147972741045,2.48284828306847,7.34482849699744,0.01435529297707,6.55964476258667,5.2098432305255,0.31034012061215,0.0565835283663675,4.70154905694307,4.97911075501579,9.59460453052552,4.0686708106651,7.05408873537293,0.575312330687437,4.12763327972587,4.21179097625254,7.84102962596249,4.71699089440494,8.93937352011443,6.34536088953964,0.01435529297707,7.23189316164533,3.86195536414487,1.85996954822103,2.27798474729977,4.01256867350306,4.58736499093646,3.39231742277876,4.38818953715608,7.19160212846187,2.7158933705476,5.61735726159132,2.43028527297778,3.90207357931074,4.58676474335514,0.0426443374084937,2.77820857639809,3.46205231879643,0,7.40786256740339,0.189033824390017
"ACH-000021",6.16450472565806,0.773996325111173,4.72955277045397,5.68004299262257,0.0976107966264223,4.63749432520631,4.8073549220576,0.545968369105293,0.01435529297707,0.963474123974886,3.17472598770613,9.82845387393048,6.26697389152185,7.9159988517389,0.286881147788161,2.56071495447448,4.1333991254172,7.26912667914942,4.87823487911234,9.01619542991025,6.18705508996806,0.0426443374084937,5.91121220155861,0.344828496997441,2.38404980679516,4.01703108052784,3.56924802986718,4.12763327972587,2.30451104180995,3.71259578044703,7.45063391836958,1.83592407425437,6.20730722344539,2.77610398807316,2.67581593117227,0.53605290024021,0.0285691521967709,2.01077983875324,4.63633460244218,0.01435529297707,7.5478970545091,0.0426443374084937
"ACH-000030",5.84949893172018,0.070389327891398,5.03165985430805,7.57576612729644,0,6.5470487505718,5.97888202809642,0.070389327891398,0.01435529297707,4.42693561964834,6.03584381599453,9.89504506079667,4.69655030107857,6.28410691122874,4.94251450533924,2.7311832415722,4.68985823631925,7.9619705333845,3.25701061820602,10.1036812170517,5.31795521831244,0,8.38762964355904,4.42894634476948,2.03913839390696,3.98093926608551,4.4666271200415,3.35895882583233,2.74416109557041,3.51349074558812,6.83453425539226,3.94485844580754,6.49633451341711,2.89336221076387,2.37016428054021,0.485426827170242,2.43562859405209,1.97085365434048,4.81249822533356,1.30451104180995,6.36089096777204,1.29865831556452
"ACH-000035",6.14261765544658,0.871843648509318,5.61028665708102,7.12732374386753,0.176322772640463,6.18447867118709,6.38456792317383,0.250961573533219,0.0285691521967709,2.47767732756531,4.96439863220318,8.9986468390058,7.84968657495916,5.76075320806299,0.790772037862,3.14730669878029,4.72900887033786,8.35297033824593,3.42894634476948,9.64302640153923,7.31360865703049,0.286881147788161,6.32535043318951,4.55826763405574,2.09423606984577,3.20945336562895,3.10601323762212,4.31614574229336,4.05831649559082,4.18903382439002,7.80199929328525,2.81147103052984,6.51206882625186,2.16671544496642,3.22342254993494,1.43829285157915,1.83592407425437,2.25096157353322,5.91552090075196,0.070389327891398,6.82107239061079,0.111031312388744
"ACH-000062",5.64299031296116,0.659924558402378,4.91312876781974,5.96809075204526,0.176322772640463,6.54859075054854,5.56711948795167,0.250961573533219,0.0285691521967709,5.84398384404833,5.34943605171382,9.70901486490327,5.24374523473398,6.76871365703049,7.83914078693792,3.03033607837096,4.5765221379205,7.7610857718691,4.2667865406949,10.2135903028813,4.92931759491176,0.0285691521967709,7.78620427191941,4.23112515787905,1.64616265715789,1.67355642399014,3.99729240763651,3.81455042346181,5.03342300153745,4.22265002245148,8.00910078936379,3.08406426478847,5.76871365703049,3.34908214639109,3.36876834909033,1.51096191927738,0.485426827170242,2.55826763405574,5.14812063112396,0.622930350920177,6.43295940727611,1.06350294230616
"ACH-000066",5.55642941544957,1.60407132366886,5.21334728173344,7.21994291395413,0.321928094887362,6.50175758573866,6.81698362325538,0.321928094887362,0.176322772640463,5.21529030565123,4.31686980506433,9.38392024862158,7.11259588801209,5.57531233068744,0.790772037862,3.90496571868403,5.21723071622067,6.99740532549677,2.89530262133331,9.55011185987139,4.73281187208294,0.0285691521967709,6.52872758153442,5.16671544496642,1.790772037862,4.60110220337641,4.06608919045777,4.0866139474095,5.83466065790173,4.41413553298445,8.28211542163439,2.51853513898218,5.7235585614721,2.53356334821451,3.27052894238072,1.50080205305716,0.189033824390017,1.86393845042397,5.66817586897014,0.321928094887362,6.66633053634962,0.516015147003665
"ACH-000086",5.13996056954546,0.01435529297707,2.52356195605701,5.3212065669699,0.0840642647884745,5.16188768237689,4.5478199565777,0.124328135002202,0.0285691521967709,0.150559676575381,3.60644222813161,10.2184421488562,6.0518071070133,7.611172380044,0.0840642647884745,1.83995958748953,4.6564963705535,7.46074256378964,5.10768786931437,9.46460700996924,6.35561538275796,0.22650852980868,5.41616416473313,1.6959938131099,2.50589092972996,3.40190347160796,2.52606881166759,3.22650852980868,3.02147972741045,2.64385618977472,6.5915597458278,2.39506279951758,5.73199778664374,2.3533232911629,2.03562390973072,0.6959938131099,0.01435529297707,1.83187724119167,3.63459326844576,1.32192809488736,7.24678809384436,0.111031312388744
"ACH-000092",6.09824268000358,0.505890929729957,3.65535182861255,6.64889680647525,0.604071323668861,6.65663937447301,6.13113671915845,0.454175893185802,0.0426443374084937,6.64284594962078,4.53791724903408,10.1858665453113,8.33556900555675,8.37616881059537,0.659924558402378,3.48026512205446,5.56407325573694,7.26040209302579,4.19692173382033,10.8254358485219,5.51916444980607,2.24184018356467,7.37729730642785,0.0976107966264223,2.6667565918848,3.33342373372519,3.32337006906127,3.98550043030489,5.34553831007001,3.83592407425437,7.39497708552647,2.41413553298445,5.29388543030237,3.10768786931437,3.0408924306469,0.31034012061215,0.176322772640463,2.10768786931437,5.77610398807316,1.51601514700366,6.99638874644762,1.76128527336162
"ACH-000153",5.61441538650813,0.622930350920177,6.30103884990315,6.88983855076605,0.070389327891398,6.53993424517179,4.7235585614721,0.367371065648529,0.124328135002202,5.69348695749933,4.36876834909033,9.91723779964606,7.32246900411355,8.43887500263395,1.95977015521147,3.92789645372882,5.43862553808838,7.75341734172778,5.54565954002547,10.5207168865426,5.78685769601721,1.21412480535285,6.33574763429973,4.78031009904338,2.10433665981474,5.46074256378964,2.32481060342048,4.08151006812092,5.08023127201926,4.14159627838382,8.45182927725244,3.0408924306469,5.28206907519813,2.7158933705476,2.63459326844576,1.13750352374994,0.298658315564515,3.23572705983806,6.13873256972024,0.773996325111173,7.60540543682512,0.516015147003665
"ACH-000161",5.13257684267001,1.33342373372519,3.66448284036468,7.0393577651597,0.01435529297707,6.92231679921813,6.47069954142369,0.0976107966264223,0.01435529297707,3.88557436437143,5.25512301484779,1.93734439215023,5.40053792958373,7.36649707577453,5.86393845042397,3.90881290773955,4.4154882710497,8.29994062982406,3.49825086752783,10.695663296788,5.52199295640167,0.0285691521967709,5.44493204894218,3.98185265328974,1.78659636189081,3.4944156103975,3.46074256378964,3.16188768237689,4.85449441815488,3.21567859660793,7.58908931290962,2.58014548442338,4.25625587320273,2.51601514700366,2.33913738491959,3.35895882583233,0,3.68369645430652,4.9217219470096,1.4276061727819,5.83617662480922,3.33771109212829
"ACH-000176",5.93593113975227,0.01435529297707,0.321928094887362,6.54643148880567,0.0285691521967709,6.62716906084185,6.31813604115417,0.286881147788161,0.0285691521967709,5.80967167790706,4.67072705449947,9.37623394012389,5.68650052718322,7.51774811422812,5.25814199589377,3.44493204894218,4.57470704641555,8.20896588630656,4.13586316536868,9.57260549619139,4.83390207666916,0.01435529297707,6.98720715597523,3.46727948045998,1.81966818349646,4.4276061727819,3.65191274464578,3.91073266190291,5.74281466986289,4.22650852980868,7.21470767319764,3.19534759832222,5.70238050161552,3.62293035092018,2.48284828306847,0.773996325111173,0,3.46727948045998,5.59395128394841,0.0565835283663675,6.63589946594638,0.454175893185802
"ACH-000186",4.92124588858559,0.454175893185802,4.92362461136832,6.23610988988963,0.0426443374084937,5.69097573834328,6.00180224263399,0.0565835283663675,0.0285691521967709,5.114367024952,5.20124177119825,9.56342510192657,4.73498052343589,5.72982464363689,4.91647664443772,2.70929063572336,4.23419472295381,8.24379282879719,4.29572302453997,10.3429635743987,4.33199177823206,0.01435529297707,7.19908336951041,3.14567745519564,2.22342254993494,4.21023299009585,3.40599235967584,4.69320814891002,3.04788732939655,2.84599177066457,5.90110824301451,3.19849415363908,5.33913738491959,2.82578562746479,2.43562859405209,1.71369581484336,0.238786859587116,2.32481060342048,5.46107011403305,0.137503523749935,6.39248916196602,0.124328135002202
"ACH-000261",5.61264737765832,1.13750352374994,4.9500017490835,6.50318969917099,0.070389327891398,6.37173309062267,6.15825622881134,0.111031312388744,0.150559676575381,5.02502879449152,3.67581593117227,9.75522142070237,6.11561593142811,7.59611519633453,0.0426443374084937,3.41006969175638,4.73660487531425,8.02142420390357,4.91169158187234,8.65029784759919,5.7599547420113,0.070389327891398,5.79337571126475,2.92409988564074,1.9297909977186,5.33735429849697,2.78868571061353,4.23266075679027,4.05311133645956,4.4666271200415,7.49361531357724,3.66220549965362,6.55105452750064,4.60999129521268,1.98185265328974,3.51096191927738,0.176322772640463,2.53356334821451,5.09043004232162,0.189033824390017,7.16540952031982,0.31034012061215
"ACH-000264",5.92124588858559,2.38404980679516,3.42088657497553,6.93852104586597,0,6.08108392868763,6.49569516262407,0.150559676575381,0.01435529297707,4.54163873443614,6.83263688756687,10.6899106385679,6.15562781584529,6.15238625842844,3.0232553523003,3.37851162325373,4.18030701996943,8.23059691803127,4.75648960675997,9.15314665218498,5.39882918244463,0.0426443374084937,6.77320515698557,3.45154083301783,2.09085343045111,3.35895882583233,3.92219784839637,4.26153081524341,4.28095631383106,4.02768487693716,7.45228243027938,1.9297909977186,4.90544717873885,4.16992500144231,2.27798474729977,0.137503523749935,0.238786859587116,2.01077983875324,3.88068552526112,0.0565835283663675,6.58029625988894,0.344828496997441
"ACH-000292",5.97292236422542,1.36737106564853,3.29572302453997,6.84096670448742,0.01435529297707,6.97876765103679,5.71259578044703,0.189033824390017,0.01435529297707,4.09592441999854,5.35966172233388,10.375908263075,4.74038793246835,6.94040169796984,0.0565835283663675,4.03913839390696,4.46923479366766,8.24412594328373,4.16430358309365,8.96249118440637,5.49729300866279,0.0426443374084937,7.26322224452176,3.60644222813161,1.799087306074,5.07124781946144,4.4757334309664,4.58195375084882,3.30597052098439,3.89141918684608,7.08756891786822,3.65878273401283,6.13257684267001,1.15704371014558,4.06695024392463,4.83491342970104,0,3.42088657497553,4.10936055940423,0.01435529297707,6.73023235737166,0.01435529297707
"ACH-000311",6.13298804262744,1.43295940727611,4.73063995591679,6.87762156658306,0.01435529297707,7.20241772157518,5.8499992594661,0.124328135002202,0.111031312388744,6.13852780142227,4.06608919045777,10.0965833955003,4.58315800387441,7.30241045042562,7.5337190711399,2.72900887033786,4.4369613378336,8.08857625693041,3.5668151540109,9.76249831341771,5.09127669436522,0,9.72623519223095,4.04176864995163,2.4931349223055,3.65535182861255,3.68706068833989,3.48155728070859,1.25096157353322,2.52105073690096,7.94971000674344,2.38404980679516,4.75381844317354,2.84599177066457,3.04614178164472,0.687060688339892,0.01435529297707,3.63110428236588,5.39574832817903,0.356143810225275,6.537140729805,1.58496250072116
"ACH-000331",6.15987133677839,0.01435529297707,2.96347412397489,5.86542397831313,0.0426443374084937,6.43512849755131,5.3019533951261,0.0565835283663675,0.0426443374084937,4.28835856219366,4.56985560833095,10.4368156289336,7.73437091966298,8.27309622372628,0.344828496997441,3.92124588858559,4.92789645372882,8.59241966126474,3.97911075501579,10.0996108119609,5.83945576522463,2.57773093149008,7.65241478861129,0.20163386116965,1.91838623444635,2.66902676550963,3.18745105402733,4.15785216914174,4.0686708106651,3.33485426933163,7.14618679149074,2.08065766334523,6.19455988602261,3.50080205305716,2.05311133645956,0.713695814843359,0,2.03913839390696,5.57410150808939,0.411426245726465,6.94532677726463,2.39231742277876
"ACH-000335",5.52324829260521,1.07724299893246,3.83794324189103,6.97899639608894,0.16349873228288,6.52120781622399,5.11644793551166,0.0285691521967709,0.0285691521967709,5.74362267606766,4.20398416585599,10.9671541943468,6.62497817956904,9.37022968169806,5.07210580048042,3.86789646399265,4.82527683005487,8.67108102928862,4.22265002245148,9.64051609401675,5.52825874275841,0.01435529297707,6.76844901518055,3.10936055940423,2.60644222813161,4.98913900736823,3.70929063572336,4.0232553523003,3.18745105402733,3.78345665436024,8.470089410577,3.64385618977472,6.02635744696384,3.12928301694497,1.63691458035588,3.77820857639809,0,3.20633064787105,4.45680614923047,0.356143810225275,6.87590290312483,0.0840642647884745
"ACH-000343",6.57288966842058,0.422233000683048,3.98823022306046,5.31650781910311,0.0285691521967709,5.96693797927846,5.73362549840823,0.0840642647884745,0.0285691521967709,4.62410089462811,5.26115467261557,10.2783332945229,6.88410945135923,7.81313985089045,0.137503523749935,4.52606881166759,5.14608493861619,7.36308344720815,4.11353381959191,8.92680003448527,5.80915716469159,0.0285691521967709,7.70749718241742,0.16349873228288,2.114367024952,5.36211916672566,3.94673086014031,4.63865311646611,4.66391384211598,3.91456452349394,8.5289619437996,3.48542682717024,6.08236196955747,1.02856915219677,4.60703434594862,1.28095631383106,0.070389327891398,3.27351588970212,4.36876834909033,0.0285691521967709,6.87762156658306,0.31034012061215
"ACH-000367",5.78293270482084,0.214124805352847,5.90496571868403,5.74200621086674,0.20163386116965,5.86046625851717,5.5963388642052,0.137503523749935,0.0426443374084937,3.25247621413522,4.52230689287139,10.1080016464659,7.34047325498715,8.43107967405788,0.0565835283663675,2.51601514700366,3.48928602262588,8.63052196347164,4.69265037003553,9.850811922162,5.19967234483636,3.41142624572647,7.03066713624694,0.01435529297707,1.66902676550963,5.98299357469431,3.0703893278914,4.05137210172103,3.67694435910691,3.60644222813161,7.32346014461094,0.895302621333307,5.66448284036468,4.02945288578697,1.63226821549951,0.526068811667588,0.0565835283663675,1.89141918684608,5.1243281350022,0.0565835283663675,7.30323278525064,3.02680005934372
"ACH-000390",5.58406053442676,0.903038270112912,5.14323013477689,6.35491051158679,0.0285691521967709,5.96555343498708,6.17592374206376,0.333423733725192,0.137503523749935,6.40650265681287,5.75033852024471,9.48964729348844,4.08065766334523,6.54966917072649,7.68565987743181,2.62993940943954,5.5894638929561,7.90171165388988,2.92219784839637,8.87897051015108,5.72683121703249,0,8.63019430577373,0.411426245726465,1.82781902461732,2.30158764660319,3.30888505741176,3.56924802986718,1.61353165291793,2.82578562746479,7.67461600861502,2.34198574722862,5.26153081524341,2.70043971814109,1.89917563048051,0.286881147788161,0.214124805352847,2.36176835941915,4.39848719001897,0.01435529297707,7.36745843552234,1.35614381022528
"ACH-000395",6.60125080460648,2.55581615506164,2,6.34908214639109,0.0565835283663675,7.27937843123448,5.04832338653781,0.298658315564515,0.238786859587116,7.82610353474906,4.97682185236069,7.78430766672839,5.63865311646611,6.92041240816079,0.22650852980868,3.44360665147561,5.0036022366802,7.99548451887751,5.10139795218253,9.23646870082494,5.81762325751143,0.01435529297707,7.71986792834437,1.06350294230616,2.4276061727819,3.85897561429202,4.01167453338092,4.41481206056585,2.71149490665009,3.34624777408278,8.65273743892929,3.54349588342577,7.08033788166578,3.10097764772482,3.0703893278914,4.3533232911629,0.01435529297707,3.15704371014558,5.54287709935414,0.910732661902913,6.80232248489952,0.933572638261024
"ACH-000414",6.91826695909256,2.44625622988956,5.06695024392463,6.72260263685137,0.0285691521967709,6.89845023280787,4.674686619928,0.176322772640463,0,8.50608935015152,5.04045412134962,12.014299494596,5.51633038682594,8.5632344130223,8.93610787203051,2.36176835941915,3.74846123300403,8.53919759271153,5.50747752951693,10.1488578608769,7.43429461795993,0.0565835283663675,8.46809451637844,3.44890095114513,1.46466826700344,4.31831684133498,3.08406426478847,3.95326523901484,1.75702324650746,3.48284828306847,8.03556892792691,2.73768676140986,5.74092756031863,1.55581615506164,1.94485844580754,5.03121873061072,0,3.18903382439002,5.01167453338092,0.565597175854225,7.26331615469532,2.67129337248158
"ACH-000416",5.43162295971329,0.01435529297707,3.61235249875266,5.02989454966334,0.485426827170242,5.98253731439927,6.16751850373522,0.01435529297707,0.0285691521967709,4.1243281350022,3.88264304936184,12.7923429406928,6.35649598770558,7.09855851793841,6.14934066928622,2.19849415363908,4.55949181320504,8.30222764568122,4.72574115650395,9.63277714111198,5.81172789780389,0.01435529297707,7.57349571549561,2.77399632511117,2.40599235967584,5.13010717865883,2.4905701304462,4.00629802390037,2.611172380044,3.4235781709818,6.70749718241742,1.83187724119167,5.66277517193778,2.35049724708413,2.89530262133331,0.286881147788161,0.0840642647884745,1.54101915313356,4.35825558670513,0.01435529297707,7.40096480032711,0.604071323668861
"ACH-000434",5.28577209324984,0.0565835283663675,3.36597242759338,4.87627136055013,0.20163386116965,5.78581207535837,3.89433274227769,0.238786859587116,0.0285691521967709,5.94673086014031,3.75488750216347,9.47567264197332,7.67334441364796,7.47167521439204,4.55458885167764,2.58014548442338,4.34269695998193,8.00495075995105,5.39059890555246,10.7373318569577,7.06899318861308,0.0426443374084937,6.0923343111862,4.3526172989585,3.10936055940423,4.32409051603798,2.15704371014558,3.99095486039699,3.71699089440494,2.55336050333533,8.00292750206307,2.65306001710456,6.05115454987851,1.98185265328974,2.25096157353322,1.28688114778816,2.60880924267552,2.24184018356467,3.62993940943954,0.01435529297707,8.07686902921101,0.495695162624069
"ACH-000444",5.11894107272351,1.81966818349646,4.54101915313356,6.76659516172927,0.0426443374084937,7.18923154864728,5.47476049957678,0.263034405833794,0.189033824390017,5.54843662469604,4.27276973243651,11.8826812558221,5.0457050645108,8.48775965860139,0.55581615506164,3.47378691161437,4.86046625851717,8.86616616903904,5.8414699994658,9.64199752313601,5.28503224962291,0,6.77465530061292,3.67355642399014,2.03913839390696,4.47248777146274,2.36176835941915,4.12680770314203,3.5909612413426,3.70929063572336,8.0930213465869,1.57046293102604,6.57773093149008,2.47767732756531,1.4276061727819,3.30305008468167,0,2.55336050333533,4.70653055253812,0,6.39917109381982,0.6959938131099
"ACH-000447",5.98002530023873,0.6959938131099,2.86393845042397,6.12494842668108,0.678071905112638,6.62161235302432,6.85062442524305,0.189033824390017,0.0285691521967709,6.5535141040851,5.80580834870147,9.82659615263921,7.36798254368052,6.14852742516046,8.62402776346394,4.19849415363908,5.21140163741847,7.20182986620234,4.90737141382356,9.72817562569393,5.09381367340273,0.01435529297707,9.30467074427608,4.31034012061215,2.33342373372519,3.37295209791183,3,3.23419472295381,5.53667461756976,5.46041493916217,7.80393735784443,2.40871186102943,5.27537959625362,3.12763327972587,3.19692173382033,0.55581615506164,0.0840642647884745,2.27202318906105,7.9006857051865,2.12101540096137,7.37451788104629,0.250961573533219
"ACH-000454",5.34163000932991,0.0840642647884745,5.141187525005,6.81915722367497,0.01435529297707,6.66647256884207,5.44658708530688,0.286881147788161,0.0976107966264223,5.52262076104208,7.08831123588866,10.4647499390033,4.93640237772506,6.94591197787334,5.20202584460934,3.02502879449152,5.26940724085404,7.98953642056108,4.45220004940622,8.77099418024441,6.0036022366802,0,8.94245585800734,2.43829285157915,1.88362081628567,2.71808758396052,3.4369613378336,3.27202318906105,2.45154083301783,2.77820857639809,6.96866679319521,3.32192809488736,5.23916887866545,2.32768736417605,2.27500704749987,2.23266075679027,0,2.68257329734758,4.62117275268344,0.01435529297707,7.19996674235619,2.01077983875324
"ACH-000463",5.4262647547021,1.20789285164133,2.72900887033786,6.49121175600309,0.0565835283663675,8.11296071164303,5.87332106291482,0.0426443374084937,0.01435529297707,2.68706068833989,4.43762724831895,10.2690097623342,5.49121175600309,8.48719690663492,7.14414836650889,3.73984810269933,4.56985560833095,8.31863318714063,4.13914201914569,10.2538474849874,5.59305492166988,0.070389327891398,8.99466457282481,1.79493566280354,1.87578006306849,3.09085343045111,3.5298209465287,3.60999129521268,2.95233356636969,2.54843662469604,8.03232128705788,3.31179371775365,6.46172499150271,1.94860084749336,1.41142624572647,2.60407132366886,0,3.32337006906127,4.88508622529017,0.443606651475615,6.84636794598483,1.27500704749987
"ACH-000481",5.78293270482084,2.20476675065461,3.14241343787374,6.79636413813963,0,7.05365441760314,5.61941301059794,0.150559676575381,0.0976107966264223,5.72273923629671,4.30961277245412,10.9376680676011,5.98709343705815,7.2128611165929,1.33342373372519,3.98093926608551,4.42290574261218,9.26823787362928,3.60407132366886,9.61559285651096,6.71877259182719,0.01435529297707,9.04731480431021,3.70043971814109,1.57531233068744,4.50716034911752,3.83187724119167,3.51853513898218,1.90303827011291,1.39506279951758,7.84774641692139,1.72683121703249,5.53356334821451,3.39917109381982,2.01435529297707,2.96532254836725,0,3.21101219348551,4.00270252037982,0.01435529297707,7.2137360959228,0.27500704749987
"ACH-000482",7.48944659862258,0.16349873228288,6.15663931069209,7.10496560483998,0.01435529297707,6.49761236561836,6.18388345903223,1.51096191927738,0,5.24716800037477,4.8569856897822,6.61249994573944,3.62058641045188,8.43983088398139,5.00854067170295,2.68032435684402,4.45680614923047,7.05289404674744,3.04788732939655,10.1090470777007,3.98367769469807,0,7.60251329745183,4.46008724011683,1.97819562968165,6.53106949272595,3.82171021503467,4.17232749165762,6.20847824221171,3.67016051412663,7.34482849699744,2.01077983875324,4.97269265400426,1.42223300068305,3.87676249078156,2.16349873228288,1.85996954822103,3.4369613378336,6.43546191447928,1.33342373372519,6.90026304356897,1.52105073690096
"ACH-000496",5.79545527204412,2.09761079662642,2.32481060342048,7.33324481699638,0.01435529297707,6.45975946661982,5.16751850373522,0.20163386116965,0.0285691521967709,7.3068819462727,5.66704055902299,10.3523745343248,5.97200330380836,7.38258079910961,6.42861141846713,4.00180224263399,4.44161626940656,8.51790555352995,4.63517394667492,10.3462921040015,6.86430997582391,1.42223300068305,8.19460913064368,3.33485426933163,2.38681094647222,3.68818035858693,4.00450139223494,3.99638874644762,3.43162295971329,5.23112515787905,8.86737141521525,2.27798474729977,5.92481250360578,2.0496307677246,1.70929063572336,4.36036427654347,0,3.6724253419715,5.36001304220433,0.31034012061215,6.90038381666693,0.176322772640463
"ACH-000510",5.36211916672566,0.475084882948783,3.00539998774259,6.25833047261243,0.01435529297707,5.84222461287724,5.46172499150271,0.250961573533219,0,1.22032995487956,5.40599235967584,10.5950709541954,5.14893410452634,7.75094141558782,0.070389327891398,2.89530262133331,4.09929520433777,8.11124002053245,5.8094144442359,8.79860140292001,5.84824735270451,0.070389327891398,6.594847089653,3.08406426478847,2.02502879449152,4.08915913191124,3.38543103719352,4.21179097625254,3.22187708107703,3.20633064787105,7.34819700307791,2.86789646399265,5.98823022306046,3.91552090075196,2.36176835941915,6.54086421622304,0,2.4905701304462,3.94016675048282,0.0565835283663675,6.71822461155628,0.070389327891398
"ACH-000511",5.7221927608959,0.01435529297707,4.42693561964834,7.01256867350306,0.176322772640463,6.56147889150101,6.12308675098106,0.16349873228288,0.0285691521967709,1.88752527074159,5.09803208296053,10.7375853690464,7.09834796699804,7.68727069271313,0.925999418556223,4.1407786557828,5.79467578798686,7.38698334236665,4.22650852980868,10.2357749191504,4.74792441623844,0,6.06177619758669,3.33342373372519,2.4541758931858,6.43529521564717,3.70597790168252,4.4235781709818,5.5341861390901,3.85698568978221,8.04204235938365,3.28688114778816,6.30048984436311,3.55458885167764,2.78450398292957,0.422233000683048,0.495695162624069,2.96162332828694,5.22265002245148,1.99276843076892,7.122258567812,0.400537929583729
"ACH-000521",5.49345520092618,0.855989697308481,5.04264433740849,6.13750352374993,0.137503523749935,5.96116025813664,5.3215673760354,0.367371065648529,0.0285691521967709,2.20476675065461,5.24298351610969,10.0677032443732,6.38732807236612,7.13288525362516,7.36229453839559,3.36737106564853,3.60644222813161,7.816023639828,5.28762004411207,10.5716578509649,5.49857001254426,0.01435529297707,6.96589969564898,4.03386345186628,2.31034012061215,4.35402893805439,3.81352468929781,4.10852445677817,5.25096157353322,6.19770815795585,6.91898246334308,1.89917563048051,6.56924802986718,2.68032435684402,3.31759350462347,3.52732060787705,0,3.15218341905505,5.58044701959866,0,6.52120781622399,0.75702324650746
"ACH-000528",4.85099939471647,1.30451104180995,1.77399632511117,8.34398514013082,0,7.87743752197062,5.93805049953404,0.0840642647884745,0.263034405833794,0.0565835283663675,5.54287709935414,9.78956624787973,5.01480160235136,7.5899132606722,0.356143810225275,3.53231695933277,5.89578731646331,8.71592768080935,2.89336221076387,9.23912113181231,6.46532151358055,0,7.13873256972024,5.01524777369894,2.36457243229586,4.32553033156756,3.37712374912949,3.80838505065609,4.01613970265525,3.31179371775365,7.14791719108402,2.72246602447109,5.58496250072116,2.78031009904338,2.8499992594661,0.298658315564515,0.150559676575381,2.84197311892718,5.49281457256712,0,7.16942397867607,0.0285691521967709
"ACH-000553",5.7894684369412,3.81352468929781,3.96069703930431,6.30560578958543,0.137503523749935,6.86962468620432,5.57682443127748,0.0976107966264223,0.01435529297707,6.15724586737157,4.61941301059794,9.60323687602132,6.87823487911234,8.27854238244459,3.5909612413426,3.43829285157915,4.40803246613065,7.17622302534268,3.63110428236588,9.61926626848919,6.05961485629722,0,6.45088131527337,4.01346225980656,2.52857131887076,5.32084566764572,3.61941301059794,3.89336221076387,3.0232553523003,2.86789646399265,6.99424027986904,1.63226821549951,6.01524777369894,2.09761079662642,2.31614574229336,0.16349873228288,0,2.07382023329167,5.4643415327611,1.40599235967584,6.86752586116297,0.454175893185802
"ACH-000562",5.74846123300404,1.97452931248388,5.54070926267143,6.78502736223547,1.21412480535285,7.16581146920892,4.76181714250714,0.189033824390017,0.070389327891398,7.09085343045111,3.27202318906105,9.2817677870657,7.98947965394985,6.76115227543197,0.704871964456353,3.81659970653491,4.4541758931858,7.9248718725505,3.57773093149008,10.357442038915,4.79129314859221,0.01435529297707,6.2553118863596,5.47476049957678,1.97819562968165,5.35579154675365,3.30888505741176,3.8499992594661,3.6915341649192,2.26603689399532,7.76732374542585,1.93357263826102,5.25587835258279,2.66220549965362,2.33628338786443,2.43295940727611,0,3.05658352836637,5.14241343787374,1.87578006306849,7.25370568980906,0.22650852980868
"ACH-000563",4.60288440871842,1.43295940727611,4.99774402605963,4.82781902461732,0.0565835283663675,6.63110428236588,6.57000746297462,0.176322772640463,0.0426443374084937,0.613531652917927,6.58225490835766,9.97742304090898,6.25342205763654,7.83415498140132,3.80632405739003,3.13257684267001,5.65706830120158,8.45524501311682,4.73552217729654,9.35535109642481,6.31813604115417,0.01435529297707,6.80902850771189,0.807354922057604,2.27500704749987,4.53729606709084,3.93073733756289,4.64789009105921,3.48542682717024,3.63923216324928,7.29287375490632,3.50462039240355,6.80889983925777,3.82578562746479,2.15055967657538,0.739848102699327,0.124328135002202,1.26303440583379,3.77505054148317,0.367371065648529,6.02790599656988,0.0285691521967709
"ACH-000569",5.29902480738432,0.765534746362977,4.11103131238874,6.47816289273763,0.0976107966264223,5.74926608381481,6.56270034996397,0.189033824390017,0.070389327891398,4.65535182861255,3.66902676550963,10.1055157069058,7.84931126407232,6.63807383718072,0.137503523749935,3.89820835250872,4.69265037003553,8.67292029947316,4.63981097771678,9.9467747157189,4.71973105674985,0.790772037862,5.19416586852982,0.344828496997441,1.44360665147561,5.5713734359732,2.96716860753263,3.29572302453997,3.60644222813161,3.19849415363908,6.80825632479914,2.37016428054021,5.86937792403133,4.12515513132229,1.94485844580754,0.84799690655495,0,1.94485844580754,5.18586654531133,0.20163386116965,6.33378150063115,0.321928094887362
"ACH-000587",5.10181813422741,1.20163386116965,4.82527683005487,7.17821666214289,0.27500704749987,6.81121411751324,5.94673086014031,0.238786859587116,0.0285691521967709,3.72683121703249,5.01658546043445,9.5330181855701,7.11071819355064,7.28484722941863,3.86987140617771,3.86294724802092,5.04045412134962,7.63444806236231,4.17871464117544,10.9511389808347,5.90038381666693,0,5.67891698667984,4.29057185085208,2.60169651648096,2.39231742277876,3.93545974780529,3.35049724708413,4.31179371775365,4.21023299009585,7.58263126686054,1.95977015521147,4.91838623444635,2.29572302453997,2.47508488294878,0.356143810225275,1.11103131238874,3.06522762277562,4.24412594328373,0.704871964456353,6.96312728059279,0.903038270112912
"ACH-000589",5.20554891117303,2.1407786557828,4.81506301719287,8.00438902843249,0.0426443374084937,7.24688307985624,5.13586316536868,0.27500704749987,0,7.36806987653208,4.05137210172103,9.19441214207319,3.68706068833989,6.86121100345716,8.14959471409149,3.02147972741045,4.85897561429202,6.87122761235798,4.29792505250381,9.79865000060047,6.08746284125034,0.070389327891398,9.09151472575742,4.57046293102604,1.83592407425437,4.64961545906341,3.89917563048051,3.92504996472736,1.6507645591169,3.29572302453997,8.10192316061998,3.55336050333533,4.85199883711245,2.8073549220576,2.75274859140713,1.05658352836637,1.53605290024021,3.62760683812965,5.25776496857139,0.111031312388744,7.40275627948341,1.78240856492737
"ACH-000603",7.33726508630012,2.27500704749987,2.98732086592925,6.24887634283713,0.7311832415722,6.27761287075669,6.18566835930362,0.137503523749935,0.0976107966264223,2.26603689399532,4.75328361646088,9.12688512101905,5.35120427725799,6.33091687811462,0.367371065648529,2.35895882583233,4.71259578044703,7.92925840863697,4.67638025546692,8.84253891867594,4.42693561964834,2.95977015521147,9.96823478389691,3.04614178164472,1.96347412397489,4.33771109212829,3.59454854955035,4.47183776242229,4.86740230572754,2.20476675065461,7.51459571476366,3.22342254993494,3.93073733756289,0.454175893185802,4.27127625917593,3.16832111573972,0.0565835283663675,2.93545974780529,5.39746072605472,0.150559676575381,6.48928602262588,0.799087306074004
"ACH-000627",5.20437551131909,0.400537929583729,5.15055967657538,6.68748066652176,0.333423733725192,5.5894638929561,5.19377174339668,0.189033824390017,0.22650852980868,5.64385618977472,4.53605290024021,9.23790305283713,5.26453643099903,6.73646958248901,1.58496250072116,2.94110631094643,4.28983446517751,7.63604452602804,5.05398016818765,9.34790921453275,5.81455042346181,0,7.35420529586169,3.60169651648096,2.34482849699744,3.50969584193339,3.28392177230762,3.24944534108584,5.10307794659757,4.08321336824898,7.10988287758846,4.17552460108987,5.5981269599196,2.59931779369823,3.0408924306469,0.748461233004036,0,2.6959938131099,4.68650052718322,2.9560566524124,6.10915157917052,0.978195629681652
"ACH-000628",6.26528685756517,0.0426443374084937,5.77952238674377,8.23069297602723,0.238786859587116,6.93156487602014,6.81339642123452,0.189033824390017,0.0840642647884745,6.19672506078603,5.19179950106508,8.37942169059616,5.33806779754262,6.45220004940622,3.03210084316702,3.69488019279919,4.77082904603249,7.36710892427579,4.8011586560937,9.49849023290861,4.33485426933163,0.0285691521967709,7.91073266190291,3.51475349843975,1.47508488294878,3.76447355099267,4.10685079645022,4.38681094647222,5.30085587126876,4.36527259976453,8.13283385637758,2.83187724119167,5.55979769575487,2.43562859405209,3.77082904603249,0.37851162325373,0.0426443374084937,2.13093086982645,5.63720448190229,0.963474123974886,7.33993905538556,1.32192809488736
"ACH-000648",4.75060650483559,0.495695162624069,0.66902676550963,6.68369645430652,0,7.0855521272093,5.49761236561836,0.150559676575381,0.0565835283663675,5.80606622608903,4.26077843189343,10.503925093737,8.16952419715,7.23131719715266,0.495695162624069,3.78972925137577,4.73443866613717,8.14649230697719,4.22496636500027,11.0018303848189,4.70708299177171,0.01435529297707,7.46352437327118,2.62760683812965,2.28688114778816,2.96532254836725,3.28983446517751,2.87184364850932,2.28688114778816,3.51349074558812,8.22265002245148,3.23725777090037,5.75915583380027,1.78659636189081,2.11103131238874,3.61941301059794,0,1.76977173924945,4.73768676140986,0.286881147788161,6.43929068104202,5.03474394932473
"ACH-000662",4.93215568443206,1.76977173924945,5.31723170022261,6.77518226438132,0.356143810225275,6.69571548860997,5.55642941544957,0.0565835283663675,0.0426443374084937,2.12763327972587,3.88849973551412,10.4172196150991,5.64443315240625,6.83605035505807,0.0840642647884745,3.19219416528334,4.92409988564074,8.71613352524624,2.93357263826102,9.72488897327074,6.66533591718518,0,5.47994190147713,3.07724299893246,1.91456452349394,4.03386345186628,2.82984955984469,3.63110428236588,1.94485844580754,3.13422093976063,7.67652130205656,4.00450139223494,5.69988472869748,2.27798474729977,1.49569516262407,1.06350294230616,1.0071955014042,1.6959938131099,4.24488705912353,3.13093086982645,7.48188013962029,0.286881147788161
"ACH-000665",5.95907460114051,2.25701061820602,4.08065766334523,5.87946072253802,0.0840642647884745,6.5933537709803,6.14445431392619,0.214124805352847,0.01435529297707,5.96670731415032,5.19140472885276,9.39527706221841,6.55673594791453,6.40497122358917,0.0285691521967709,3.59454854955035,4.52105073690096,7.79720757285578,4.5837597536395,10.0426169802195,4.96254902292306,0.111031312388744,7.61382629093404,3.674686619928,1.57046293102604,3.00539998774259,4.07210580048042,4.20398416585599,5.80503443985454,5.3305584000308,7.40181816308764,2.9429835981871,5.69710657447698,3.16349873228288,3.24640808724638,1.01435529297707,0.0285691521967709,2.93545974780529,3.54720302475693,0.748461233004036,6.39094277280254,0.400537929583729
"ACH-000666",6.32948243102564,1.75702324650746,4.86542397831313,6.36527259976453,0.111031312388744,6.46041493916217,4.90159099190337,0.176322772640463,0.0426443374084937,7.49417556796203,4.66163560233596,9.88872803051588,5.15015345524625,7.20613525340459,7.10548951632516,3.48800077083407,4.28466218548316,8.23146120983426,5.01212167271222,9.93897674131844,5.09634619899318,0.070389327891398,8.28688114778816,3.21567859660793,1.49569516262407,3.68929916053589,4.16912328147676,4.84498815668261,4.63052196347164,4.31324585178756,8.38214845320422,2.74631276642546,6.21003812347289,2.92789645372882,3.88752527074159,3.74092756031863,0.22650852980868,2.25701061820602,5.54627713209007,0.0285691521967709,6.26641176603611,0.124328135002202
"ACH-000667",5.95023510048569,0.565597175854225,2.05658352836637,7.13740105597469,0.0285691521967709,5.64038956005495,4.7235585614721,0.0426443374084937,0.070389327891398,4.25171909260596,4.30742852519225,9.37258215099493,5.83061027435791,7.56902012195893,6.66704055902299,2.73984810269933,4.34340782229781,8.23945532660462,4.09761079662642,8.50561309528514,5.88874324889826,0.0285691521967709,7.5033487351675,1.31034012061215,1.36737106564853,4.30524096595448,3.24488705912353,3.97177344719337,2.10768786931437,3.50080205305716,8.12912843419493,1.97452931248388,5.9884574728114,2.08406426478847,1.14404636961671,0.411426245726465,0.0285691521967709,1.14404636961671,4.10852445677817,0.400537929583729,5.96509162479079,0.070389327891398
"ACH-000669",5.32660925100527,0.948600847493356,5.32445060465607,7.46890909211059,0.16349873228288,6.72314895704758,5.64731450954714,0.137503523749935,0.01435529297707,5.21916852046216,5.14608493861619,10.733015321686,5.18030701996943,7.00551227283747,1.20789285164133,3.92029330021101,4.65992455840238,8.20442442203871,4.4541758931858,8.76920972969376,4.89627184880738,0.01435529297707,6.44111824453277,4.48607074373567,2.06350294230616,4.85349670370232,2.98002530023873,4.30012372456901,3.96439863220318,3.87479696589867,7.58578880807497,2.24184018356467,5.57106999816771,3.02502879449152,3.05137210172103,2.14730669878029,0.0285691521967709,2.60169651648096,5.32624970083746,0.150559676575381,6.78672703487137,0.124328135002202
"ACH-000670",6.59559316974456,0.01435529297707,5.00180224263399,5.81941272620656,0.01435529297707,6.75782333620773,4.89772447021644,0.137503523749935,0.0426443374084937,5.46564802598228,4.89869207256049,9.58957624800782,4.79181407116183,6.77584069853125,0.150559676575381,3.70043971814109,3.70929063572336,7.27863530068382,4.27724089833207,7.43596189543763,5.45713459431804,0.0285691521967709,7.15015345524625,3.67016051412663,1.63226821549951,3.83794324189103,4.16751850373522,4.90833256978243,4.33771109212829,5.26753579806874,7.1101961777542,3.71479501111816,5.13093086982645,3.31469652565629,4.1906148602095,4.56985560833095,0.0285691521967709,3.94392132655349,4.34837407519116,0.432959407276106,6.70735913208088,1.1243281350022
"ACH-000672",5.33842441478356,0.0840642647884745,5.21451341008002,5.96970308801354,0,5.84574093261458,4.98823022306046,0.111031312388744,0,6.43895814789755,5.52387555132852,11.442736197186,6.32337006906127,6.52935246299125,1.01435529297707,3.88068552526112,4.42827641439251,8.61065577440193,4.57288966842058,11.0535186664818,4.68144926531496,0,6.05202456048283,3.75915583380027,3.00180224263398,5.17312743348066,3.5933537709803,4.27202318906105,5.81941272620656,3.53106949272595,7.29939120612683,2.88557436437143,6.72082566608984,2.99457972421575,2.03562390973072,1.48542682717024,0.27500704749987,1.98185265328974,4.83693401132109,0.0426443374084937,6.82705683650015,0.0565835283663675
"ACH-000677",5.16992500144231,4.1906148602095,4.41074812818595,7.04843238023264,0.137503523749935,6.89336221076387,5.67270819562222,0.250961573533219,0.137503523749935,3.87479696589867,5.12018602753186,9.90879789959889,7.69083609791913,7.49105137636412,0.422233000683048,4.12763327972587,5.0232553523003,7.61559285651096,5.02635744696384,9.80374366850522,5.00495075995105,0,5.92647391125607,3.09761079662642,2.91073266190291,6.2473579161311,3.71699089440494,3.17791779219584,3.98185265328974,4.17312743348066,7.83067364913184,4.29939120612683,7.50787390697935,2.61353165291793,2.36176835941915,1.81557542886257,0,2.6667565918848,5.72109918870719,0.286881147788161,6.77386449388333,1.28095631383106
"ACH-000681",4.32768736417605,1.08406426478847,4.16510798514454,6.18189764310839,0.01435529297707,6.41295084580588,4.50207595604579,0.0976107966264223,0.01435529297707,5.43962313755712,4.93498820178348,11.1331422124006,7.3887922565875,6.70390357344466,8.04313667812303,2.66448284036468,5.03738222200308,8.27118286574389,4.92552476974757,10.9231788994938,6.29259772026645,0.01435529297707,9.48188013962028,4.49825086752783,1.92599941855622,2.59931779369823,2.21101219348551,3.09085343045111,2.45680614923047,3.26153081524341,8.00641023912548,2.85996954822103,7.45046896352823,2.98732086592925,1.40053792958373,5.37121034345557,0.070389327891398,2.94485844580754,5.48510476108097,0.0976107966264223,6.36509758975147,1.62760683812965
"ACH-000733",5.81813476081085,2.04264433740849,4.37781785308364,7.66526484671343,0.0565835283663675,6.00135189299996,5.88068552526112,0.263034405833794,0.0565835283663675,6.36124198846498,4.22032995487956,10.0365857522623,7.7113572383413,6.8820316083521,0.545968369105293,3.31614574229336,5.68706068833989,7.45918568374892,4.7839804136838,9.66645481554519,4.56742375770728,0.0565835283663675,6.26096656451949,4.87135084063403,2.114367024952,5.87528859822269,3.29130885982897,3.88849973551412,3.72574115650395,4.06177619758669,6.36387192485753,1.37851162325373,5.47053686509258,3.03562390973072,2.16992500144231,0.799087306074004,0.0840642647884745,2.67355642399014,6.18130136492636,0.344828496997441,6.85362145574883,0
"ACH-000744",5.87725345387661,1.28688114778816,5.41616416473313,7.0302257088616,0.070389327891398,6.16992500144231,6.90893296724454,0.31034012061215,0.070389327891398,1.66448284036468,6.04264433740849,9.50622822821106,4.84899843040002,6.14465824283188,5.11186596386756,2.94110631094643,5.15299460549244,8.02552718257317,4.35120427725799,8.63081315229913,5.27276973243651,0.070389327891398,8.46931620756914,2.9297909977186,1.42223300068305,3.0232553523003,3.68818035858693,3.84899843040002,3.47118746038699,3.49697358099828,8.2137360959228,1.87578006306849,5.26791028088483,2.58736499093646,2.55826763405574,0.150559676575381,0.286881147788161,2.46988597627446,4.75968848842729,0,6.84121837392389,0
"ACH-000747",5.62322307589651,0.0840642647884745,2.13422093976063,7.89717990857398,0.0285691521967709,6.47069954142369,5.98891186495402,0.16349873228288,0.124328135002202,0.887525270741587,5.85124932023306,11.4241137880433,5.32732808262995,8.21965256510381,4.81608765860021,3.54101915313356,4.57893871309339,8.13309082430674,5.63517394667492,8.74150069383543,5.66618848987278,0.0285691521967709,6.87159726561385,0.0976107966264223,2.36457243229586,3.45154083301783,2.99819550315325,4.16269343221124,1.79493566280354,3.73009646559547,7.58886451819015,2.03562390973072,6.89372623659722,2.72900887033786,2.78450398292957,2.55826763405574,0.0285691521967709,2.20789285164133,4.27724089833207,0.0426443374084937,6.44939629708678,0.16349873228288
"ACH-000749",5.8522485895654,1.02147972741045,2.31324585178756,6.78044134262235,0.137503523749935,6.94591197787334,5.70542503904273,0,0.0285691521967709,1.6915341649192,4.58135124716878,9.84572525378829,5.78528898070402,8.46156130000189,0.070389327891398,3.69376571221778,4.58255600301406,8.50965625910765,3.854993016757,9.94680395203067,6.77610398807316,0.400537929583729,7.12722055048807,0.150559676575381,2.10097764772482,4.27724089833207,4.27872821293894,4.01346225980656,2.4594316186373,2.27798474729977,7.75788999032499,3.38266725274504,9.98840066372944,2.38681094647222,2.98185265328974,5.94110631094643,0,2.86789646399265,4.0408924306469,2.60880924267552,6.87405920314115,1.56071495447448
"ACH-000766",7.17582396717241,0.526068811667588,5.71204544855369,6.2688460628732,0.070389327891398,6.68957872550933,4.48413813120167,0.137503523749935,0.0565835283663675,4.63284983011771,5.06047978140759,10.0932855038779,5.43128865429159,6.63705953841085,7.6244664948533,2.63923216324928,5.02901108665907,7.69258063251088,4.29939120612683,9.88558961605672,5.19927972133662,0.0426443374084937,8.12887075946512,3.45549162062847,2.87578006306849,3.24944534108584,4.10601323762212,4.27426166125705,3.22342254993494,3.73660487531425,7.80632405739003,2.38681094647222,4.71039319217052,1.83592407425437,2.40871186102943,0.526068811667588,0.516015147003665,2.29278174922785,4.40803246613065,1.55090066464752,6.94649694120329,1.81557542886257
"ACH-000769",5.30742852519225,1.75274859140713,4.83238371654913,7.11488753404625,0,6.65162578392064,5.35085080548338,0.0285691521967709,0.0426443374084937,6.61441538650813,4.57773093149008,10.8242427825657,5.41683974191283,8.83165560229942,0.176322772640463,3.68144926531496,4.54843662469604,7.92996848372988,4.83086375675176,9.08443637427252,5.98891186495402,0.01435529297707,7.43387749735076,2.43295940727611,1.55581615506164,2.58255600301406,4.02856915219677,3.51601514700366,2.62993940943954,3.0071955014042,8.14598307855042,3.13914201914569,5.77636722957392,1.95977015521147,1.82781902461732,6.27071580787426,0.0565835283663675,2.04264433740849,4.55336050333533,0,7.29893319315721,0.0565835283663675
"ACH-000774",5.54596836910529,1.35614381022528,5.64212391615349,5.4262647547021,0.01435529297707,5.6562103201826,5.6450098843911,0.0840642647884745,0.0285691521967709,0.31034012061215,4.5453506448223,9.16669034217563,5.20750245925879,6.40463068421761,0.422233000683048,2.86393845042397,4.42155994490182,7.55704241526372,3.04439411935845,10.4534764246166,5.22226360352835,0.150559676575381,5.99050111136325,3.24792751344359,1.71369581484336,4.04264433740849,2.79701297783614,4.38681094647222,4.86492897228979,3.44360665147561,6.25964912064916,1.49569516262407,6.37190729759515,2.68032435684402,2.17312743348066,1.28095631383106,0.0565835283663675,2.37851162325373,4.36667191611176,0.464668267003444,5.1622906135458,0.111031312388744
"ACH-000775",5.91934008244201,2.33342373372519,2.60644222813161,5.93333657591232,0.0426443374084937,7.27900691380736,5.84799690655495,0.214124805352847,0.189033824390017,5.3077927961299,5.43529521564717,9.51248369751184,6.14567745519564,7.04973966269698,4.09761079662642,3.29572302453997,5.48091134604775,8.02364347910317,5.01346225980656,9.71075478498102,5.46793154602629,6.52309143530243,5.96208624985064,3.86789646399265,2.27500704749987,4.68313498512609,4.14893410452634,3.86591881455221,4.32840565895857,4.71808758396052,9.11358590902708,2.24488705912353,6.83554516550869,2.89917563048051,3.83995958748953,1.58976348698498,0.31034012061215,3.35755200461808,6.66576226650835,0.214124805352847,7.41726181705726,0.070389327891398
"ACH-000781",6.38612115681485,1.48542682717024,4.03033607837096,6.22013644739608,0.0840642647884745,7.04930403348226,5.71287086768991,0.0565835283663675,0.0426443374084937,7.19318035374262,5.63575439127776,10.8824902134021,5.9114519116266,7.04001567884788,7.75080746061642,3.14404636961671,4.43429461795993,8.75732333214516,5.09718938723511,10.1867332891289,6.63821867880936,0.0565835283663675,10.2139547578639,4.12515513132229,2.01792190799726,3.60762622084549,3.08236196955747,4.07638806851284,3.20945336562895,3.22032995487956,7.54843662469604,3.87479696589867,7.73382883331368,3.72246602447109,3.0036022366802,5.25096157353322,0.0565835283663675,2.63923216324928,5.32589006103978,0.01435529297707,6.41261218499661,1.8073549220576
"ACH-000785",6.70873904135958,1.29865831556452,4.42492208821069,7.0646888815763,0.0285691521967709,5.87233628810464,5.60703434594862,0.250961573533219,0.0285691521967709,6.26453643099903,5.00180224263399,7.06490440219829,3.88557436437143,7.09370805496563,0.333423733725192,2.52356195605701,5.0574502721839,8.20579324939716,4.3547342399706,10.1449131134342,5.1333991254172,0.31034012061215,7.42852767474104,4.42155994490182,2.46205231879643,3.38818953715608,4.76394266044725,3.76977173924945,1.77399632511117,3.4541758931858,7.8234309337855,2.81352468929781,5.98299357469431,1.31034012061215,3.90592847817314,3.0686708106651,4.18586654531133,2.33913738491959,6.15562781584529,0.111031312388744,6.97739441856294,0.298658315564515
"ACH-000787",5.89433274227769,0.933572638261024,5.11478344724985,6.98367769469807,0.799087306074004,5.44923120066949,6.11707162384512,0.613531652917927,0.0285691521967709,6.14873077917319,3.89336221076387,9.66751962686207,7.37521323955639,5.6055535954944,6.4093909361377,3.51601514700366,4.92647391125607,7.52520757128439,4.80683958179819,9.30742852519225,4.11270013274936,0,8.34349665546436,2.43295940727611,2.4594316186373,2.73552217729654,3.12928301694497,4.3526172989585,3.28540221886225,3.86195536414487,8.24445898087276,4.56010351346474,6.62278396615612,2.29865831556452,1.91838623444635,0.925999418556223,0.0840642647884745,2.60169651648096,6.11727946005392,0.613531652917927,6.80812758745547,0.238786859587116
"ACH-000791",6.19711838004716,2.04264433740849,5.37920505996061,7.16007309819972,0.790772037862,5.51853513898218,5.74065777162389,0.263034405833794,0.189033824390017,5.94274907082889,5.44592529857927,11.2109148160739,6.84008551556895,6.83617662480922,3.18903382439002,3.88752527074159,5.64673869830785,8.15689207363418,4.81915722367497,10.2033480029798,4.84398384404833,0.189033824390017,5.85199883711245,5.26528685756517,1.90303827011291,4.5552026338783,3.5385381636298,4.40735275114004,4.22650852980868,4.48735771531155,8.00814845991009,2.85399564717639,4.87528859822269,2.87381319835909,3.76553474636298,0.75702324650746,1.72683121703249,2.40053792958373,6.77505054148317,2.34198574722862,6.92303029826377,0.650764559116902
"ACH-000800",6.18903382439002,1.73984810269933,5.0457050645108,7.53013318439181,0.0426443374084937,7.07017462515406,6.34216358328935,0.238786859587116,0.0565835283663675,3.29865831556452,5.07339181605292,10.5324533355749,7.00427665587793,6.19849415363908,0.124328135002202,4.27872821293894,4.71918344048179,8.43987242967666,5.5837597536395,8.85763893635931,4.86839045305445,3.4944156103975,7.01981309195895,0.150559676575381,2.05658352836637,5.77478705960117,3.75381844317354,5.72492307026661,4.2585189247113,2.59931779369823,7.19819945543749,3.58496250072116,5.82145511910246,2.03913839390696,3.46988597627446,6.50271248596606,0,1.74846123300404,5.06091204958787,0.0285691521967709,6.78972925137577,0.565597175854225
"ACH-000803",7.19947604644285,4.77820857639809,3.36597242759338,7.24821222778998,0.545968369105293,6.98675222651434,6.3271484082987,0.0426443374084937,0.0285691521967709,6.95163441683292,4.82832692641482,9.56974170685786,6.21742461381398,7.51711818515321,0.16349873228288,3.70929063572336,5.96486066424585,7.26416107128808,4.85199883711245,8.97579066021354,4.95419631038687,7.10496560483998,7.12794274918633,2.22650852980868,2.71808758396052,6.57637096748594,5.60644222813161,5.21218021004443,3.90303827011291,3.32912359629157,7.42450224854271,2.7311832415722,6.94169322566137,3.59454854955035,4.48800077083407,3.62993940943954,0.22650852980868,2.08065766334523,5.46237957184102,0.298658315564515,6.60451616514653,0.0426443374084937
"ACH-000813",6.14669594803066,1.05658352836637,5.49537538094463,5.74227574754027,0.495695162624069,6.92350576833181,5.85574059171503,0,0,0.485426827170242,5.76128527336162,8.84027438708075,6.06134418828839,6.90725122429203,7.90370112105078,3.50207595604579,5.03782146543497,7.83567147948162,4.0574502721839,10.6284455401372,5.11603199344711,2.60407132366886,8.36518509741176,2.57773093149008,2.05658352836637,4.31034012061215,3.76022094646651,4.20398416585599,3.36176835941915,4.74308405554959,7.12979817318714,4.42290574261218,5.66078033403255,4.23035674505615,2.5385381636298,1.38404980679516,1.81557542886257,1.66448284036468,5.49409554494063,0.0426443374084937,6.64270157183323,0.454175893185802
"ACH-000826",5.4988890869768,1.31614574229336,6.56193705962243,7.21208291144106,0,6.52010790163755,6.6202931499486,0.250961573533219,0.137503523749935,2.30158764660319,4.72519581722666,9.29273574418819,4.98276546258365,7.90327934205614,5.97475873047608,3.19849415363908,4.97223312380739,8.05766687679971,3.36597242759338,9.59965253867228,5.71863561627134,0.0426443374084937,6.89287670006069,3.54720302475693,2.04614178164472,4.65191274464578,3.44095219802964,4.01970191444255,2.6667565918848,2.93357263826102,7.30167909242712,2.8073549220576,7.22853012262995,2.94673086014031,2.96532254836725,2.57288966842058,0.176322772640463,1.74846123300404,4.11270013274936,0.01435529297707,7.02956331443266,0.0565835283663675
"ACH-000837",5.96023367169445,0.7311832415722,5.70597790168252,6.5478199565777,0.070389327891398,6.79064173076342,4.93026424523502,0.111031312388744,0.0426443374084937,0.400537929583729,4.50462039240355,11.1062357616157,5.48058827023386,6.32066518412251,1.06350294230616,3.33485426933163,4.611172380044,8.063664718714,3.72465027173297,9.95447260656678,6.57046293102604,0.01435529297707,7.66519377274042,0.400537929583729,1.73552217729654,3.79597469420667,2.96347412397489,4.23572705983806,3.12101540096137,3.86294724802092,7.81269074296491,2.22958792274065,5.68565987743181,3.01792190799726,3.114367024952,1.32768736417605,0.739848102699327,2.85798099512757,5.37608196665007,0,6.48719690663492,0.01435529297707
"ACH-000840",5.94368695159709,0.0840642647884745,4.63923216324928,7.20026107981327,0.20163386116965,7.39300425689832,5.36632221424582,0.53605290024021,0.0285691521967709,2.74631276642546,4.94251450533924,9.79436712582946,6.48800077083407,6.5478199565777,0.782408564927373,3.0071955014042,4.52230689287139,9.06174920079516,4.98458935036246,11.3257551729988,4.78555055173926,0.16349873228288,5.91647664443772,2.62760683812965,3.08746284125034,5.26978123827438,3.38266725274504,4.14730669878029,4.31686980506433,2.62527048937469,8.32197317840296,2.97636363573276,6.96254902292306,0,2.3305584000308,3.69265037003553,0.31034012061215,3.29278174922785,4.76075320806299,0.16349873228288,7.62219827852365,0.0976107966264223
"ACH-000841",6.08385158769796,2.10097764772482,5.14608493861619,6.71011763204345,0.678071905112638,6.26472407423801,6.09992635055603,0.333423733725192,0.0426443374084937,6.63444806236231,4.62935662007961,9.45224124043082,8.01664117047407,7.27658971572526,1.60880924267552,3.83390207666916,4.25323293853803,6.75448669787116,4.56315813040281,10.1184220243132,5.88752527074159,0,7.13185696060879,4.7771566660045,2.47248777146274,5.04395687279021,3.94953493301701,4.64443315240625,3.26002565596146,3.2585189247113,8.0389189892923,2.50589092972996,6.2553118863596,2.77399632511117,3.27947129564447,1.6915341649192,0.01435529297707,3.46205231879643,6.37729730642785,0.0285691521967709,7.51892849041491,0.31034012061215
"ACH-000843",5.3533232911629,0.111031312388744,6.37573453858316,6.99265514938683,0.0426443374084937,7.59073673813273,5.26865895502767,0.0840642647884745,0.0285691521967709,5.67101024127845,4.55826763405574,10.7437404725053,5.80296865100558,7.07681559705083,3.99095486039699,3.76659516172927,4.70210340662939,8.09423606984577,4.78188423454149,9.7128708676899,6.48413813120167,0.189033824390017,6.3823214071145,2.70043971814109,2.0071955014042,2.82374936030827,4.2637856138908,3.86789646399265,2.53605290024021,4.42155994490182,7.8171115727957,3.36176835941915,5.45713459431804,1.38404980679516,2.01435529297707,1.16992500144231,0.250961573533219,3.77399632511117,4.1906148602095,0.124328135002202,6.50668444773076,2.35614381022528
"ACH-000845",5.59245703726808,0.956056652412403,5.12515513132229,6.83756486315715,0.176322772640463,5.8499992594661,5.7001622501066,0.150559676575381,0.0565835283663675,5.17672169288105,3.42223300068305,10.3776443583999,6.70321146739115,6.58886451819015,4.82984955984469,3.70487196445635,4.5957423394744,7.55113145277411,5.02192383855476,9.81866205871567,5.24982454861618,0.0285691521967709,7.42886262048307,3.84398384404833,1.82374936030827,3.0071955014042,3.67694435910691,3.83086375675176,4.5090623863619,3.06522762277562,9.11262194990258,2.73552217729654,6.00225245173138,2.44360665147561,2.20476675065461,1.11103131238874,1.43829285157915,0.632268215499513,5.06995989045977,0.176322772640463,6.35860724911781,0.238786859587116
"ACH-000852",6.77663042305105,2.02147972741045,5.15785216914174,7.2215871212648,0,6.64169052255661,5.86567141764843,0.0285691521967709,2.06350294230616,6.73971311368956,5.15299460549244,9.810716218313,5.84599177066457,7.12184429787638,5.67722632823532,3.29278174922785,4.3110671022556,8.16776936795552,4.66789212523023,10.0635299063006,4.05224198118114,0,8.47990149381287,4.1906148602095,2.17951105027151,5.1139504824225,3.54101915313356,4.54473265593262,3.97085365434048,3.11935617703968,7.65542338909177,2.21723071622067,6.537140729805,0.16349873228288,2.94673086014031,2.97636363573276,0.815575428862573,2.85996954822103,5.72628628972067,0.0426443374084937,5.86418614465428,0.659924558402378
"ACH-000853",5.85524225145415,1.05658352836637,3.72574115650395,7.43512849755131,0,6.59275601044103,6.1781170457064,0.137503523749935,0.6959938131099,4.66845955691538,4.95093492831454,9.36461620271927,6.21237478756727,7.92896244083598,0.16349873228288,3.64154602908752,4.59753117422421,7.32246900411355,4.90110824301451,9.49791169857395,5.58104990094504,0.20163386116965,6.51064550409004,3.50462039240355,1.85598969730848,5.27686882997646,4.10852445677817,4.28466218548316,5.24145887127465,3.11270013274936,6.98185265328974,2.68257329734758,7.78607355157855,1.84398384404833,3.1243281350022,4.29130885982897,0.0840642647884745,3.41818994794577,4.4594316186373,0,7.28521724610209,0.189033824390017
"ACH-000858",4.04439411935845,1.0703893278914,5.82731094394967,6.14812063112396,0,5.60229058486114,5.2585189247113,0,0.01435529297707,4.27426166125705,5.11603199344711,9.630121482845,4.96254902292306,6.93097382556291,3.4276061727819,2.25096157353322,4.34553831007001,7.15218341905505,3.7311832415722,8.74089383949072,5.37642931106992,0.111031312388744,5.93569546303184,0.070389327891398,1.30451104180995,2.18903382439002,3.13093086982645,2.54596836910529,2.97452931248388,3.36176835941915,6.36001304220433,1.60880924267552,4.61294219630467,3.28243980500639,1.53106949272595,0.765534746362977,0,1.54596836910529,4.92267359284945,0.01435529297707,6.73104743933735,1.13750352374994
"ACH-000860",5.35895882583233,1.40599235967584,4.4988890869768,6.59320435406329,0.0976107966264223,5.92623668441333,4.79805051476751,0.0285691521967709,0.01435529297707,2.30451104180995,4.08831123588866,9.37044766414754,5.79701297783614,6.26153081524341,3.99095486039699,3.16992500144231,5.46988597627446,8.290848273342,4.33413917883824,9.88504045378234,6.92457500339273,0,7.42374622911477,4.39917109381982,1.46988597627446,2.85798099512757,3.94766615679601,4.08576455377831,2.17312743348066,3.26453643099903,8.09413048232855,2.92409988564074,6.27817064963117,0.970853654340484,2.88166461932035,1.25096157353322,1.4276061727819,1.0703893278914,5.20280949212501,0,6.53745138765307,0.20163386116965
"ACH-000866",6.33037912758063,3.92789645372882,4.26978123827438,6.76115227543197,0.0565835283663675,7.8073549220576,6.06953032516231,0.333423733725192,0.263034405833794,4.45022149589718,4.87725345387661,10.3599691318989,5.32732808262995,7.36483503491908,1.97085365434048,4.69320814891002,5.32084566764572,8.20735603487574,4.53231695933277,9.08345273362976,4.71094415457587,0.0285691521967709,7.49089097889429,0.150559676575381,2.37016428054021,5.04832338653781,4.56193705962243,5.37016428054021,4.74200621086674,2.87184364850932,7.88423158427282,2.74200621086674,6.11707162384512,3.38404980679516,3.40053792958373,3.22187708107703,0.150559676575381,5.52950864107431,4.72574115650395,0.16349873228288,6.75595576955096,0.55581615506164
"ACH-000868",5.87725345387661,2.01792190799726,4.90400231628369,6.52042224852645,0.01435529297707,5.36317107711924,5.43596189543763,0.790772037862,0.0426443374084937,5.37086174008529,5.00495075995105,10.0424801864925,4.08406426478847,7.77049872089289,3.68144926531496,2.26303440583379,3.95884267524324,7.05853297020161,3.52606881166759,9.27099606074028,4.11270013274936,0.0285691521967709,6.63589946594638,4.9518675043269,1.94485844580754,4.37712374912949,4.25171909260596,3.87085786436376,3.27798474729977,3.12267271882414,7.02281165091563,1.23266075679027,7.5762953763282,0.526068811667588,2.85199883711245,3.99457972421575,0.16349873228288,1.35614381022528,6.29664094468348,0.0285691521967709,6.65535182861255,0.0976107966264223
"ACH-000869",6.02901108665907,2.31614574229336,6.26940724085404,6.89117612475454,0.0840642647884745,6.4432751117658,5.5579614268932,0.389566811762726,0.27500704749987,0.918386234446348,4.16108148227718,9.26148380277771,4.31251996747495,6.65019012349677,2.86591881455221,3.18745105402733,4.22881869049588,8.03066713624694,3.70265754339091,10.8209766926212,5.29682445864937,0,5.79882817809111,1.71369581484336,2.43028527297778,4.10097764772482,3.44493204894218,4.06695024392463,4.69710657447698,4.06350294230616,7.07178411738996,0.985500430304885,7.74819284958946,2.68032435684402,3.17791779219584,3.38404980679516,1.74416109557041,2.58014548442338,5.41040894985104,0.01435529297707,6.98151020085132,0.238786859587116
"ACH-000875",5.68622036502273,2.69821847822441,4.97223312380739,6.65692533979425,0.0285691521967709,6.70583970588368,4.91217080294995,0.01435529297707,0.0285691521967709,5.87798958538721,4.29204549249286,10.2083563054292,7.73355771373742,7.50135952403019,1.86789646399265,3.47897180503294,4.77346892790519,7.82476785314329,4.34837407519116,10.4272080694488,5.25096157353322,0,6.74443022998792,3.62877359520165,1.89141918684608,5.18229502502548,3.19219416528334,3.48284828306847,4.09169983413681,3.08406426478847,6.61470984411521,1.58496250072116,6.09529152021173,3.52105073690096,2.74416109557041,0.356143810225275,2.82374936030827,1.24488705912353,5.20437551131909,0.0426443374084937,6.76447355099267,0
"ACH-000878",6.37903173202854,1.11769504266975,5.00854067170295,6.3819754785573,0.070389327891398,6.50048340147312,5.47021145739054,0.0840642647884745,0.01435529297707,6.04592343960255,5.19298316997399,10.2849397424868,5.4715126480455,7.54851368968048,8.3963478986621,3.50589092972996,4.26753579806874,7.59618975614441,5.22612314312524,11.0251395622785,6.29388543030237,0.0565835283663675,9.97656412341533,4.35755200461808,3.13586316536868,4.70265754339091,3.75381844317354,4.20084957463721,4.74792441623844,3.98732086592925,8.4817590759953,4.22187708107703,7.27267643563815,2.43829285157915,2.57531233068744,2.78659636189081,0.356143810225275,3.66562016406638,5.67214243285383,0.0976107966264223,7.24222139509837,0.263034405833794
"ACH-000886",5.08278773170927,0.722466024471091,4.42961596420174,7.7292808460274,0.367371065648529,6.54039930563062,5.76686014382955,1.30451104180995,0.0565835283663675,4.46793154602629,4.24640808724638,10.663913842116,6.49777201759007,5.9469647411558,3.37155886261196,2.97085365434048,4.631686366312,8.06150620693541,4.75007048586569,10.7746223589856,6.35314682549808,0.01435529297707,7.54318652456517,4.46336088581666,2.27798474729977,3.79493566280354,3.98002530023873,4.12184429787638,2.13093086982645,3.39094277280254,7.48236429255538,2.46727948045998,5.6246858105254,0.765534746362977,2.14730669878029,0.956056652412403,0.485426827170242,2.12763327972587,6.08831123588866,0.0426443374084937,6.28114183367197,0.137503523749935
"ACH-000888",5.68173035543585,1.63691458035588,5.10307794659757,6.60925262588064,0.799087306074004,6.30451104180995,5.33521168170579,0.0976107966264223,0.111031312388744,6.91659606789219,4.29792505250381,9.38305623000562,7.21567859660793,6.02125762056052,2.98367769469807,3.26153081524341,4.39574832817903,7.79051141189419,4.38474058729238,10.7400336919669,5.70293453197598,0.0285691521967709,8.83687091096283,4.75060650483559,2.27500704749987,3.64385618977472,2.87578006306849,3.68594014844598,4.66562016406638,3.90303827011291,8.00472609358901,5.31215688831337,5.24982454861618,3.42492208821069,2.26603689399532,2.0036022366802,0.27500704749987,3.18428029441938,5.22187708107703,0.0285691521967709,6.6979405826171,0.070389327891398
"ACH-000890",5.23802251782572,0.0285691521967709,4.97956810009519,6.60139939053183,0.189033824390017,6.12639473762014,5.70735913208088,0.411426245726465,0.111031312388744,0.632268215499513,4.97956810009519,10.5297233583364,5.69821847822441,7.56848819678442,0.356143810225275,3.24944534108584,5.83693401132109,8.54361187589834,4.55213110825378,11.2394791946992,4.82068956055921,0.0285691521967709,5.91886323727459,0.0565835283663675,2.6507645591169,4.19849415363908,2.35614381022528,4.55458885167764,4.29351763041742,4.17951105027151,8.08597694907364,2.8073549220576,6.54117407340656,3.84398384404833,2.8094144442359,2.39780296186249,0.0285691521967709,2.35049724708413,4.67072705449947,0.0840642647884745,7.95628902658394,0.189033824390017
"ACH-000891",6.07617425672425,0.111031312388744,4.56559717585422,6.02635744696384,0.070389327891398,6.85412035608782,5.42961596420174,0.16349873228288,0.0285691521967709,5.23419472295381,4.33342373372519,9.84264890953033,7.26463025566923,8.07932477180666,6.97096866052181,4.21955576916691,5.7235585614721,8.37251685639621,4.15704371014558,10.9265183869467,5,0.01435529297707,8.39527706221841,5.07767027423275,2.48542682717024,4.5957423394744,3.52481592835751,4.1243281350022,4.76765479823735,3.31614574229336,7.95448714700532,1.64154602908752,6.48333211126848,2.53605290024021,2.81352468929781,2.4276061727819,0,2.43295940727611,4.80167602925359,3.08236196955747,7.12174071180267,0.704871964456353
"ACH-000892",5.27314285930808,0.0840642647884745,3.81249822533356,7.73002851490705,2.31034012061215,7.60384885148344,7.40922119732453,0.659924558402378,0.0840642647884745,5.16631374788993,5.61588707391606,9.88468949063651,7.36868105851152,5.762880292917,5.64038956005495,4.02680005934372,5.02945288578697,7.13175409098481,5.22843392051337,11.1141327345777,5.09761079662642,0.0426443374084937,6.4487357980294,4.24184018356467,1.59454854955035,4.10433665981474,3.93922657772821,3.55826763405574,5.21916852046216,3.13586316536868,7.10087255247503,2.43562859405209,5.34553831007001,2.74416109557041,2.21101219348551,1.94110631094643,0,4.23878685958712,5.44426950241348,0.298658315564515,7.99763113470695,1.14404636961671
"ACH-000893",5.82603995889619,1.41683974191283,3.4276061727819,6.92931759491176,0.124328135002202,7.53729606709084,6.45647762935182,1.18269229751619,0.070389327891398,7.35067403711449,5.96185480763616,9.53130347489285,9.54600696809238,6.98584193700334,3.64385618977472,4.75328361646088,4.5453506448223,7.15350136549655,5.35049724708413,9.52371876221345,6.66291755486816,0.01435529297707,7.66845955691538,5.53760669149529,2.03210084316702,4.83339613416323,3.75808993420181,4.37086174008529,3.52481592835751,3.71259578044703,7.8422874795152,2.81966818349646,7.12567176339259,2.84398384404833,3.07553263116736,1.31614574229336,0.356143810225275,2.68032435684402,6.87282875953489,0.575312330687437,6.70680679859753,1.02856915219677
"ACH-000900",5.46956042171122,0.963474123974886,2.33628338786443,4.88801258540283,0,5.70873904135958,4.86641348112345,0.298658315564515,0.150559676575381,1.25096157353322,5.00854067170295,10.5408061105915,5.84674402324487,8.25436728144083,0.298658315564515,2.8011586560937,4.07638806851284,8.03369829875055,3.58255600301406,9.72144101907033,5.64932804098478,0.0426443374084937,5.15177765473205,2.81762325751143,1.48026512205446,3.50842865253186,3.19692173382033,4.12598165385472,1.55581615506164,2.67807190511264,7.79493566280354,1.29278174922785,6.72900887033786,2.99095486039699,3.02856915219677,2.26603689399532,0.0976107966264223,1.84799690655495,4.85299758761332,0.0426443374084937,6.1753249891849,0.0285691521967709
"ACH-000901",5.90496571868403,0.0565835283663675,3.24184018356467,6.30669970727279,0.01435529297707,6.31088539118528,5.6959938131099,0.37851162325373,0.0426443374084937,1.18903382439002,3.78345665436024,10.3947842104251,5.70404195482129,7.67093944979479,6.7311832415722,3.81147103052984,5.38474058729238,7.975618723174,4.77030048949942,10.9591325767897,5.43128865429159,0.01435529297707,6.29406929508831,3.32337006906127,1.89530262133331,4.44625622988956,2.99638874644762,4.29719141656586,3.66562016406638,3.91838623444635,8.13005568234283,2.24792751344359,6.26584942144085,2.72246602447109,2.76977173924945,3.20789285164133,0.613531652917927,2.62527048937469,4.69988472869748,0.31034012061215,6.4643415327611,0.298658315564515
"ACH-000916",7.27071580787426,1.16992500144231,6.71712802619924,5.09971599916091,0.111031312388744,6.29057185085208,4.42559357765306,0.298658315564515,0.070389327891398,6.02768487693716,5.36457243229586,9.76415835829334,4.98686597232911,5.73984810269933,5.00135189299996,3.68818035858693,4.38128337250378,7.06576616286955,4.58074849176377,10.2349371518793,5.02901108665907,0.0285691521967709,9.94151717631613,5.35049724708413,2.09085343045111,4.16671544496642,3.93168305705981,4.56620629346551,2.799087306074,4.16992500144231,9.33590391630898,2.86789646399265,5.14526985665051,1.70043971814109,4.42492208821069,2.10433665981474,0.333423733725192,3.57531233068744,5.69627208392586,0.464668267003444,5.60496086950378,1.64616265715789
"ACH-000924",5.73226919950145,0.150559676575381,3.40871186102943,7.63117705570398,0.0426443374084937,7.64537022483828,6.05571626351254,0.22650852980868,0.0426443374084937,3.95884267524324,4.33699741660501,9.27461110900997,5.17352723812251,6.25550073314839,7.26837824775159,3.33342373372519,3.93357263826102,7.06533534687803,4.18269229751619,10.0650121504369,6.70514852825302,0.124328135002202,8.98652470797722,3.20320115631661,1.93357263826102,4.88459792099006,3.14241343787374,4.03650333373899,4.61470984411521,3.16188768237689,6.9609286673117,4.39574832817903,7.07285611553773,1.78240856492737,2.38404980679516,0.495695162624069,0.66902676550963,1.87578006306849,4.52230689287139,0.0285691521967709,7.17182730268444,2.06350294230616
"ACH-000925",6.21761848535105,2.68032435684402,5.99480597608493,7.35737605546964,0.454175893185802,7.4326254114323,6.07724299893246,0.150559676575381,0.0285691521967709,7.0003380920316,5.16671544496642,10.4599438483749,6.28688114778816,7.03815081026938,0.55581615506164,4.21412480535285,4.18348651445939,8.51400387224109,4.91886323727459,9.48464166507978,6.32930302481501,0.0285691521967709,6.79363582035063,4.04614178164472,2.70265754339091,5.23074100262691,4.28762004411207,4.68706068833989,1.79493566280354,3.96993327469786,7.58217962487389,2.30451104180995,5.62322307589651,2.70708299177171,2.53106949272595,0.0840642647884745,0,3.95512678126137,5.77610398807316,1.94860084749336,7.22795281368232,0.422233000683048
"ACH-000929",6.05332859344979,2.50080205305716,5.22573765346606,8.00859669325585,0.01435529297707,6.75728999237877,6.76752238622854,0.22650852980868,0.01435529297707,6.67807190511264,4.85748342828667,10.1920461788533,4.76500424625004,7.87344411251538,6.13586316536868,2.88166461932035,4.4541758931858,7.88679398997529,3.34766565630097,9.38754348679336,6.22747154635928,0.0285691521967709,8.98011100913767,4.20320115631661,2.92029330021101,3.90881290773955,4.41142624572647,4.82374936030827,1.55581615506164,3.50080205305716,6.88362081628567,3.24640808724638,4.96855160336395,2.20476675065461,3.55949181320504,2.18586654531133,0.20163386116965,2.8094144442359,5.60080495498947,0,5.99344793233148,0.432959407276106
"ACH-000945",4.71863561627134,0.0976107966264223,4.20320115631661,7.01402047031493,0.422233000683048,5.62935662007961,5.84874811461196,0.400537929583729,0.0285691521967709,1.06350294230616,5.31397137105902,10.3619437737352,6.14159627838382,7.89911519460338,7.56285295958392,4.02680005934372,4.84949893172018,8.15512180235728,5.08703845676695,9.02011878595972,5.54966917072649,0.01435529297707,5.93310047493137,3.41818994794577,1.20789285164133,3.76128527336162,2.93734439215023,4.2364926183813,3.14730669878029,4.27202318906105,8.17117679765177,2.56559717585422,5.89796643164945,4.37364821133469,3.77294133783134,4.21256933885081,0,2.63226821549951,5.4535175792155,1.19534759832222,7.67065624911844,0.111031312388744
"ACH-001075",4.31397137105902,1.28688114778816,6.48091134604775,8.21509612097621,0,5.94251450533924,5.87356715162175,0.0840642647884745,0.111031312388744,4.58856473740135,4.3526172989585,9.10179187643457,4.76871365703049,6.37399614213124,6.45252954467793,2.57531233068744,3.42894634476948,7.24982454861618,3.8499992594661,9.99038765180274,5.32840565895857,0,5.22804904788446,2.07724299893246,1.43295940727611,4.12515513132229,3.47638168756724,3.37155886261196,3.99004721957379,4.40463068421761,7.42012865794161,2.22032995487956,5.60880924267552,2.90496571868403,1.23266075679027,4.92884403671257,0.20163386116965,2.74200621086674,4.49249415167943,0.20163386116965,6.44724856860178,1.15055967657538
