"X","GCLC","NADK","AASS","PRMT5","GSS","CDADC1","SMPD3","CPT1A","LDHB","ODC1","GALE","GOT2","ABCC4","PRMT1","DCTD","DMGDH","LDHA","SORD","GCSH","UCK2","SDHC","AASDHPPT","MAT1A","RPIA","CARNMT1","PANK4","NNMT","TK1","GLYCTK","MSRA","PIPOX","IDH2","PNP","DDO"
"ACH-000007",4.96809075204526,5.876516946565,0.0285691521967709,6.72437742160622,6.06134418828839,3.4235781709818,1.87578006306849,4.72683121703249,8.24488705912353,7.29333369530646,6.93899143877554,6.67454539384587,0.111031312388744,7.82190150738751,6.3328869169596,0.298658315564515,8.57886325635858,6.14649230697719,4.24564777363675,4.91934008244201,7.63720448190229,3.97544676564096,0.01435529297707,5.31686980506433,3.62760683812965,3.66902676550963,0.0426443374084937,6.34074028063018,4.63052196347164,3.18428029441938,0.263034405833794,7.94222124483597,6.36789520554199,0.137503523749935
"ACH-000013",4.19927972133662,5.82781902461732,0.604071323668861,5.56711948795167,5.37712374912949,2.98550043030489,0.422233000683048,3.78240856492737,10.1230867509811,7.47183776242229,3.61823865559546,5.61882595258744,2.35895882583233,8.12153351734003,6.0203688510632,1.33342373372519,8.93534187574829,5.04919510562227,5.01390884549064,5.0071955014042,6.71945727459875,3.8972404255748,2.58014548442338,4.61412086878925,1.93734439215023,4.23266075679027,0.773996325111173,7.74825995012392,2.03210084316702,0.0840642647884745,2.88362081628567,5.55949181320504,6.70445701932884,0.01435529297707
"ACH-000019",5.02945288578697,5.72601374886015,0.137503523749935,7.06748814148907,6.10580377191708,3.26002565596146,0.443606651475615,5.78004757606187,1.56071495447448,5.83541884047548,5.08236196955747,5.81531924577731,1.02856915219677,8.47321868174143,4.75862298244024,0.613531652917927,8.22501458261165,4.7273759385949,5.82119997805645,3.82781902461732,6.79597469420667,3.63575439127776,0.263034405833794,4.29719141656586,2.83794324189103,4.06436554026363,0.150559676575381,6.92837032301897,1.32192809488736,2.41953889151378,0.687060688339892,7.71856712361622,6.6055535954944,0.01435529297707
"ACH-000028",4.52418907844937,5.77267747042486,1.16349873228288,6.82705683650015,5.76871365703049,3.35049724708413,0.933572638261024,5.80271021929134,2.01792190799726,4.90592847817314,5.37747084284965,6.46205231879643,1.90689059560852,8.41810559707949,5.13010717865883,0.807354922057604,8.24312636898951,5.02192383855476,6.29664094468348,4.97452931248388,7.21519321658085,3.68369645430652,0.01435529297707,4.77505054148317,2.54349588342577,4.15704371014558,0.20163386116965,7.16932375323987,0.863938450423971,2.9126498648972,0.622930350920177,7.94468278230822,6.39163026151743,0
"ACH-000048",4.20711196120771,5.76208300356767,2.02147972741045,6.75808993420181,6.06307144984268,3.47897180503294,0.526068811667588,4.69265037003553,10.5546847723612,6.64371191305668,4.38750040648098,6.77267747042486,3.5909612413426,8.56761389372254,6.17192735435346,0.0840642647884745,8.37277801706204,5.65906827484323,6.48590979153593,6.19100984858729,7.39497708552647,4.79649392942584,0.0976107966264223,6.03979640762002,3.52356195605701,4.26528685756517,0.344828496997441,6.42693561964834,1.97085365434048,2.59931779369823,0.765534746362977,6.16892278185294,6.69125497865014,0.01435529297707
"ACH-000091",5.45680614923047,4.62643913669732,2.74200621086674,5.81070015418722,4.59514556799086,4.44625622988956,0.823749360308273,3.27351588970212,9.85466583086118,3.53106949272595,5.3526172989585,6.05853297020161,4.75702324650746,7.24298351610969,5.9047249283904,0.475084882948783,10.0620461377205,4.2637856138908,4.84899843040002,4.94392132655349,6.69083609791913,3.74416109557041,0.22650852980868,4.34766565630097,2.95233356636969,4.15461561132689,8.85832297281393,4.89190518821193,1.23266075679027,1.22032995487956,0.773996325111173,5.4666271200415,6.49649430685371,0.505890929729957
"ACH-000097",4.03650333373899,5.54287709935414,1.29865831556452,5.73308313184512,5.48123434952853,3.07553263116736,3.32624970083746,5.8877689486479,4.47961860846942,3.50589092972996,6.161686174584,5.91862475557459,0.356143810225275,7.56605403817109,5.39951292418296,1.88752527074159,8.31560245663795,6.55596949459953,6.04154964501142,5.56224242422107,8.00123928362232,4.89965902637744,0,3.98550043030489,3.53977919169849,3.64038956005495,1.36176835941915,6.55336050333533,2.01077983875324,2.79493566280354,0,7.73057203082246,6.94345253855882,0
"ACH-000117",5.24982454861618,5.56498780095989,0.443606651475615,6.48074981718447,4.24792751344359,3.20320115631661,0.748461233004036,5.29939120612683,2.83390207666916,6.11644793551166,5.47411151394241,6.80128801677891,2.78659636189081,7.98208090976374,4.82374936030827,0.333423733725192,8.16279411930629,5.76526952069059,4.91121220155861,4.84949893172018,7.70238050161552,4.25398926623079,0.475084882948783,3.63343121035563,3.44757919654888,4.27276973243651,0.298658315564515,7.65506555119503,1.790772037862,2.25701061820602,0.124328135002202,7.25058266478754,6.09465834265454,1.99276843076892
"ACH-000123",3.04439411935845,5.89093302170554,3.42894634476948,6.4749227003798,6.20652601587743,2.73768676140986,0.641546029087524,4.83693401132109,10.0202855008446,6.69237139970866,5.04701481951759,6.57334422759282,3.93828579188405,8.08486152476468,5.87725345387661,0.516015147003665,8.83743871485637,4.68818035858693,6.22997238511225,5.22110372536788,7.09191135749191,5.92291140625819,0.263034405833794,4.94485844580754,3.60644222813161,4.2349610948395,1.81147103052984,6.31632679205715,2.6667565918848,1.94485844580754,0.622930350920177,6.64241277290506,6.04483123344781,0.01435529297707
"ACH-000132",3.37712374912949,5.34978987024187,0.495695162624069,5.04395687279021,5.36211916672566,3.17312743348066,0.443606651475615,2.90881290773955,9.64333311800992,5.9898202201176,5.14934066928622,5.66817586897014,2.29572302453997,7.60917873814198,5.63255905211795,1.43295940727611,9.65293457860686,3.5033487351675,5.56985560833095,4.90496571868403,7.4966540825935,5.18388345903223,0.0565835283663675,3.94673086014031,3.17791779219584,3.5668151540109,5.67919857056692,7.21149898197779,1.38404980679516,2.93734439215023,0.545968369105293,4.77399632511117,4.40258575823259,0.963474123974886
"ACH-000147",4.27426166125705,5.59126052462153,0.910732661902913,5.99909803370561,6.64284594962078,3.77188557851537,1.20163386116965,5.88655014732434,1.70043971814109,4.09423606984577,5.79882817809111,6.16671544496642,0.0426443374084937,6.98322165074267,5.08363887925071,0.53605290024021,8.29218356925431,5.37573453858316,5.22303633790187,4.79856900355688,8.15608307628868,4.83642913116165,0.137503523749935,3.36457243229586,3.30451104180995,3.76659516172927,0.0565835283663675,7.98788928130278,3.01792190799726,2.83390207666916,0.53605290024021,8.06037169412222,5.86567141764843,0.839959587489532
"ACH-000192",3.78868571061353,4.15946772926677,3.61588707391606,6.5274770060604,6.26978123827438,2.20476675065461,1.51601514700366,3.60050764534579,9.41502341039129,7.18130136492636,4.61706334388818,5.74469931420784,2.31324585178756,8.23155721030281,4.8569856897822,0.985500430304885,7.13298804262744,4.58135124716878,4.88117515534928,4.95930648975966,7.35579154675365,4.35191096110308,1.66902676550963,3.86987140617771,2.70708299177171,3.24792751344359,0.356143810225275,5.83844759254846,2.09423606984577,2.43562859405209,2.39506279951758,5.76924279514054,5.52606881166759,2.85199883711245
"ACH-000212",4.26528685756517,5.14526985665051,3.22958792274065,6.32084566764572,6.29792505250381,3.30597052098439,0.475084882948783,4.0574502721839,10.6778077155729,6.1622906135458,6.40650265681287,6.27444804392521,3.01435529297707,9.8494520170968,6.55550942708326,0.748461233004036,9.89730094003721,4.71314590249026,5.51412226017071,4.81198471935167,7.21635785441676,5.29425313644451,0.01435529297707,4.65420637794429,3.47508488294878,3.61235249875266,0.748461233004036,7.67044381212281,2.27202318906105,3.36317107711924,0.137503523749935,4.71479501111816,5.90231481249263,0.111031312388744
"ACH-000223",4.3743439890385,5.68594014844598,0.137503523749935,7.15076274435542,6.43028527297778,3.4594316186373,2.19534759832222,4.92931759491176,9.68297703254036,6.04701481951759,5.57924050057297,7.40096480032711,1.58496250072116,7.80329162556219,6.61323695471633,1.27500704749987,8.89293739783468,5.01167453338092,7.12691092605489,5.52356195605701,8.09571348425126,4.7457751494858,0.333423733725192,3.98367769469807,3.53231695933277,3.93451650158608,4.81557542886257,8.23102912865541,1.59931779369823,2.27798474729977,1.18903382439002,6.46025109894385,6.46499492726543,1.0071955014042
"ACH-000237",5.57258654938577,5.44261180368934,2.75060650483559,7.26575567602733,6.6284819943839,2.78450398292957,0.422233000683048,3.77610398807316,9.50273237300148,5.5765221379205,6.17052599917685,6.31994302415705,2.91647664443772,7.54797414832058,5.64183500155537,3.41142624572647,10.0438475404389,5.14649230697719,5.13422093976063,5.12391445900198,6.95895864285239,6.03562390973072,0.0565835283663675,4.51285895444998,3.47638168756724,4.19849415363908,7.02469644009399,6.35790383855249,1.83995958748953,2.85996954822103,1.34482849699744,6.71163256182322,6.19652836093694,1.43829285157915
"ACH-000252",5.30048984436311,5.59365255839793,0.790772037862,6.54457811733884,6.34908214639109,3.50462039240355,1.96716860753263,4.87135084063403,10.7199876803385,7.61360531806338,6.9386386584728,6.62775273437702,2.17632277264046,8.32395545963164,6.58059776355584,1.26903314645524,9.39718259966962,6.87208998933479,5.30414594120295,4.9136075118231,7.15997222101611,4.65133876610593,3.34056226902641,4.41616416473313,3.4944156103975,3.27947129564447,0.286881147788161,6.34198574722862,5.83617662480922,2.97452931248388,0.516015147003665,6.96935773910922,6.41023933077602,1.86789646399265
"ACH-000255",4.39780296186249,6.0948694327187,2.63226821549951,7.23314029644597,6.36929198168004,3.36176835941915,0.22650852980868,0.879705766282288,10.1897010351811,7.62227150248209,7.25001411501037,7.14200491598488,3.33199177823206,7.89730094003721,7.12773644358883,0.189033824390017,11.1875995125358,4.76128527336162,5.30305008468167,6.17552460108987,7.27565894469885,4.74899785009815,0.20163386116965,5.10936055940423,2.92409988564074,4.58195375084882,6.93899143877554,8.16551001804135,2.05311133645956,0.111031312388744,0.137503523749935,5.35579154675365,5.77109325169954,1.35049724708413
"ACH-000276",4.23725777090037,6.00562454919388,1.34482849699744,5.89772447021644,5.82068956055921,4.61470984411521,0.432959407276106,5.55274593674845,8.46315650044211,6.28355142317431,4.66562016406638,6.11186596386756,2.18586654531133,8.1461358659523,7.69780161473751,0.495695162624069,9.15152399406487,5.08958289312471,5.45844762743792,4.84398384404833,8.00837259399077,4.77188557851537,0.263034405833794,4.60407132366886,2.56315813040281,3.76765479823735,0.879705766282288,8.1480697738034,1.57046293102604,3.38128337250378,0.464668267003444,8.10533236285565,6.51617277552509,0.84799690655495
"ACH-000277",4.21179097625254,5.66533591718518,0.0840642647884745,5.82400405093315,7.25568955522063,2.90496571868403,1.74416109557041,4.65878273401283,1.93357263826102,3.39643353125099,5.02281165091563,6.49153246180432,0.150559676575381,7.63088594032371,4.90929308582382,0.704871964456353,8.75532158119493,5.16791986555194,4.86542397831313,4.04526821513853,7.73897044828018,3.92789645372882,0.01435529297707,3.70818723602071,3.58255600301406,3.95977015521147,0.0976107966264223,6.68439798363757,2.65535182861255,0.176322772640463,1.06350294230616,7.50803242747625,6.03099811817189,0.238786859587116
"ACH-000278",4.49505552836802,5.44989147301094,1.67807190511264,5.5894638929561,5.25550073314839,2.93357263826102,0.286881147788161,4.49505552836802,9.84979602224561,7.16641418264516,6.78437310843037,5.19100984858729,2.1243281350022,7.10758326176324,7.18477618520242,0.910732661902913,8.83983364841731,5.15663931069209,4.48735771531155,5.69432306012539,7.63335855063711,4.65363331138625,0.839959587489532,4.55642941544957,2.57531233068744,3.74416109557041,3.97727992349992,7.55918586578773,2.95977015521147,2.83995958748953,0.454175893185802,5.97407036702403,6.18923154864728,1.20163386116965
"ACH-000280",3.72574115650395,5.74281466986289,0.903038270112912,7.34598176596164,5.0457050645108,3.76128527336162,0.66902676550963,3.10433665981474,9.29666388520585,5.5341861390901,6.28447711781042,6.49489557548345,1.0071955014042,8.03077747199254,5.01122725542325,0.389566811762726,10.6902599382587,5.49089097889429,5.9500017490835,5.53356334821451,7.45294130797121,4.83238371654913,0.0426443374084937,4.32912359629157,2.58976348698498,4.60703434594862,8.3264294871223,7.96289600533726,2.79285535236249,2.20476675065461,0.189033824390017,5.42727093517358,6.95396359887078,0.0840642647884745
"ACH-000288",4.18903382439002,6.03913839390696,0.7311832415722,6.5512083739461,5.97911075501579,3.5933537709803,0.464668267003444,4.79129314859221,9.60997283308798,7.35720008486005,5.11644793551166,6.74752167254042,4.04264433740849,7.49625461006128,5.78267065867701,1.15704371014558,9.69691537968799,4.43562859405209,6.0518071070133,5.64558638591361,6.85847839042327,5.36981542428391,0,3.85598969730848,3.12101540096137,4.762880292917,8.87832685350801,6.70653055253812,3.3305584000308,3.94204525991605,0.333423733725192,5.66647256884207,5.39025495632187,0.01435529297707
"ACH-000296",4.88459792099006,6.06501215043695,0.485426827170242,6.77307325343888,5.29939120612683,4.38059093426592,1.13093086982645,2.51853513898218,9.85034313416734,6.41599522099608,5.66277517193778,5.37747084284965,1.71808758396052,7.43387749735076,4.91552090075196,0.443606651475615,8.47763685642312,5.01569380710515,5.67355642399014,5.00045077177086,7.37094889882513,4.81608765860021,0.150559676575381,4.86690797814317,3.21878116778407,3.67355642399014,6.34002810238993,5.90857275875175,3.1906148602095,1.59454854955035,0.963474123974886,6.90881290773955,6.65863994240179,0.01435529297707
"ACH-000302",3.9136075118231,5.51506901403224,1.15055967657538,5.71424551766612,5.57742882803575,2.47508488294878,0.111031312388744,2.84599177066457,9.12150761593982,5.39437694495706,4.45811948117451,4.96532254836725,2.92409988564074,7.71829312047387,4.86492897228979,0.321928094887362,9.35704609296771,3.78450398292957,5.35226417325832,5.17751920259781,7.06641214573448,4.71094415457587,0.298658315564515,4.22650852980868,2.43562859405209,3.74846123300403,6.34411833452143,5.50080205305716,1.35614381022528,0.613531652917927,0.910732661902913,5.65535182861255,5.36597242759338,0.176322772640463
"ACH-000308",5.53543091487128,6.13442632022093,0.432959407276106,6.44691786486603,6.00876474486344,2.54101915313356,1.55581615506164,4.91121220155861,9.05278538961759,7.31659832410868,5.78920757534734,6.19436289072759,3.17951105027151,6.91814767387683,5.76208300356767,3.03562390973072,7.62453960378183,4.28835856219366,6.25455625190949,5.86913111964429,6.77360079528254,7.1101961777542,0.422233000683048,5.07553263116736,3.0703893278914,3.68929916053589,10.5869335882311,4.96716860753263,1.72683121703249,2.50842865253186,0.7311832415722,3.17312743348066,6.14486214291573,0.189033824390017
"ACH-000324",4.27202318906105,4.93357263826102,1.98913900736823,7.05799172275918,6.27798474729977,2.9560566524124,0.344828496997441,2.99457972421575,10.3325960577892,6.39951292418296,7.05311133645956,6.72642254084614,5.03518399661834,8.09771612974375,6.19396881942197,0.333423733725192,9.58998814168542,4.31903981556254,5.58345891013077,6.48767927890162,7.54905302933729,5.34340782229781,1.4541758931858,4.88752527074159,3.72246602447109,3.35049724708413,8.42441826594578,7.31333656165215,2.91838623444635,2.80529245560071,0.22650852980868,4.86046625851717,6.78633498041697,0.356143810225275
"ACH-000344",4.52293456094346,5.84398384404833,0.137503523749935,6.33771109212829,5.52262076104208,2.9429835981871,1.71369581484336,5.47476049957678,1.89917563048051,6.90038381666693,6.50541460934675,7.02292258905563,1.48542682717024,8.68723569410704,5.84247606299394,0.070389327891398,10.0029556223067,4.74416109557041,6.27891401949994,4.85798099512757,7.11342963507908,4.21256933885081,0.0976107966264223,4.03913839390696,2.40053792958373,3.71699089440494,8.31424334674856,7.49265437101891,2.33628338786443,2.53605290024021,0.0976107966264223,6.34287470840092,6.74685018309805,0.01435529297707
"ACH-000351",4.5668151540109,5.84172158112846,3.20163386116965,5.97544676564096,6.16269343221124,3.78031009904338,0.31034012061215,4.55826763405574,8.77478705960117,7.07681559705083,6.32264926213102,6.29517199198853,3.43962313755712,7.49393548558052,6.72150937542489,1,9.99180525537646,4.84498815668261,5.33234990037387,5.16430358309365,7.64789009105921,4.8569856897822,0.790772037862,4.52669484554198,3.63923216324928,4.10097764772482,8.06630450200819,5.85972112892796,2.20163386116965,2.78240856492737,1.60407132366886,3.4867143730307,5.22843392051337,2.02856915219677
"ACH-000352",5.28206907519813,5.97131362406888,0.238786859587116,6.36894291440495,4.77135740899056,2.91456452349394,2.10768786931437,4.82527683005487,7.7105998277309,4.82222027162153,5.14282184411593,6.28206907519813,0.0976107966264223,7.75234719236697,2.97269265400426,0.6959938131099,9.1846026428164,4.91408609701272,6.28021399581062,5.54163873443614,7.85735900975864,4.51096191927738,1.32192809488736,5.28429202639431,2.64846544302731,4.27649666564036,0.321928094887362,8.45795538004928,0.831877241191673,0.111031312388744,0.20163386116965,6.27052894238072,6.19377174339668,0.124328135002202
"ACH-000356",6.1108225740478,5.8974824681961,1.28095631383106,7.25086685567605,6.33234990037387,4.12598165385472,1.20789285164133,6.41464295841001,10.8917077699021,6.656782364219,6.25058266478754,7.36264521779471,3.40053792958373,8.38214845320422,6.81608765860021,0.189033824390017,9.17729494754563,6.35102755219611,5.35895882583233,5.68957872550933,7.42298981330018,4.4093909361377,0.545968369105293,5.47702965301306,2.78450398292957,4.35402893805439,3.80529245560071,6.49936756634913,4.74899785009815,2.8073549220576,0.286881147788161,5.35860724911781,7.15593133876956,0.01435529297707
"ACH-000374",5.1407786557828,6.51191074867093,0.176322772640463,7.19800295652124,6.47735352663456,1.92219784839637,1.09085343045111,4.51412226017071,8.33024465862235,6.17612327114794,5.54039930563062,6.0036022366802,2.77188557851537,8.04946740985307,5.7679195858018,0.0285691521967709,9.04742387422585,5.45549162062847,5.73741636593706,5.5453506448223,7.11311703639072,4.10685079645022,0.20163386116965,4.13504228623365,3.16188768237689,4.78868571061353,1.6915341649192,8.62705959576035,0.831877241191673,2.18903382439002,0.250961573533219,7.36282052553426,6.65935375917005,0.0840642647884745
"ACH-000397",3.74092756031863,5.13627342985058,0.422233000683048,7.26397335480341,6.26322224452176,2.3305584000308,0.53605290024021,4.07210580048042,10.2591547688668,5.69543711040537,6.9953714505722,6.39145842004967,4.29572302453997,7.96613048992893,5.98208090976374,1.0496307677246,9.16864704936463,5.19140472885276,5.81018600769536,4.40053792958373,7.3387809438947,4.92647391125607,2.37851162325373,5.06608919045777,2.33628338786443,3.82984955984469,5.04220656012069,7.3327079336406,3.94579495674006,1.18269229751619,0.464668267003444,6.78868571061353,7.26978123827438,2.39231742277876
"ACH-000403",4.83743871485637,5.41379715018921,1.79493566280354,6.37590826307501,6.60703434594862,3.6507645591169,0.823749360308273,3.22342254993494,9.54351521615217,6.98322165074267,5.95070169008901,6.83187724119167,4.78345665436024,7.82151889731431,5.81941272620656,0.948600847493356,10.0946055653122,5.58165253046128,6.09191135749191,5.73849764388979,7.25767069634337,4.94204525991605,0.0285691521967709,4.82374936030827,3.81864608282254,3.54225804976692,0.400537929583729,7.95495236367778,2.29572302453997,2.4931349223055,1,4.5453506448223,5.78633498041697,1.57531233068744
"ACH-000407",4.02059109477325,5.0686708106651,3.29572302453997,5.72027846523333,5.07167687375186,3.14241343787374,0.422233000683048,3.81455042346181,9.61542733284893,6.85872702377863,5.65764000520782,5.56407325573694,3.52481592835751,8.27914624405431,6.08129701413827,2.3533232911629,10.2727464088025,5.47378691161437,5.46499492726543,5.78868571061353,7.02081330425245,5.05398016818765,0.01435529297707,4.96809075204526,2.71149490665009,3.52481592835751,7.13452899948796,6.47297508612399,1.96716860753263,0.31034012061215,0.27500704749987,5.20750245925879,4.96670731415032,0.0840642647884745
"ACH-000409",3.22187708107703,5.29902480738432,1.65535182861255,6.04264433740849,6.76234881564413,2.37851162325373,0.27500704749987,4.7311832415722,9.6326499265387,6.32678899249194,4.99819550315325,5.60703434594862,5.20515788392009,7.52324829260521,5.58285703484424,0.250961573533219,9.40979398579922,4.25171909260596,4.95046841415012,5.0496307677246,7.58541327249201,4.70597790168252,0.20163386116965,3.90400231628369,2.26002565596146,4.34695688937888,3.68369645430652,7.36579750245938,2.35614381022528,1.61353165291793,0.895302621333307,5.970163424661,5.45549162062847,0.189033824390017
"ACH-000421",5.80426011563474,6.31849761886055,0.189033824390017,7.13216552547809,6.5677279633048,2.74846123300404,2.16349873228288,5.0639343057541,9.981995317818,7.16701664439148,7.28327359892062,6.69474092979982,3.38266725274504,7.70397276579215,6.83238371654913,0.985500430304885,8.31940116685832,6.28466218548316,6.18982455888002,5.268284666521,7.54990015592366,5.70901486490327,0.111031312388744,4.89965902637744,4.20633064787105,4.75595576955096,2.59454854955035,7.66085162575993,3.85598969730848,1.66902676550963,2.53605290024021,5.5894638929561,5.83516615722045,1.13093086982645
"ACH-000427",3.87479696589867,5.06608919045777,0.505890929729957,5.67299099382775,4.93640237772506,3.16510798514454,1.37851162325373,5.47378691161437,8.99661471481536,7.32219857485082,4.96947286459633,6.96855160336395,3.21723071622067,8.26940724085404,6.52356195605701,0.526068811667588,8.29420717830167,6.13278245729886,5.81403764753998,5.32876467228402,7.29590665529703,4.87085786436376,0.189033824390017,4.92837032301897,3.99095486039699,3.61706334388818,5.95373084981149,6.84498815668261,1.16992500144231,2.82578562746479,0.485426827170242,4.58556349845569,5.8094144442359,0.01435529297707
"ACH-000467",4.86294724802092,5.60139939053183,1.03562390973072,6.22322945684211,5.97131362406888,3.00539998774259,1.84398384404833,3.5837597536395,8.99963364420029,7.6518410098154,5.57167680997093,6.60984359159946,2.85798099512757,8.18363538147322,5.99954908734095,0.321928094887362,9.2919764491562,5.7273759385949,4.75221336786514,5.60733031374961,7.37816477987163,4.48413813120167,1.4276061727819,5.71342088486808,3.114367024952,3.46336088581666,0.111031312388744,6.06565847093199,5.58646452588639,2.31324585178756,1.80322703643493,7.172127436878,6.75047251876251,0.0426443374084937
"ACH-000524",3.27202318906105,6.19849415363908,0.124328135002202,6.18507363787676,6.40156220725607,2.52606881166759,0.189033824390017,2.9560566524124,8.41434698193482,6.48510476108097,5.56833618213375,5.10726939359254,3.1906148602095,7.09645162447759,5.48026512205446,0.238786859587116,7.3768633740274,4.16188768237689,5.09127669436522,4.71094415457587,7.48896481700485,5.52857131887076,0.0565835283663675,4.04701481951759,2.73768676140986,4.36737106564853,5.30487605004489,5.4937754084607,1.7311832415722,0.214124805352847,2.19219416528334,4.76977173924945,6.14180061165247,0.250961573533219
"ACH-000527",3.87282875953488,5.27463440251759,0.124328135002202,5.96555343498708,5.40429006444484,1.81557542886257,0.176322772640463,3.26903314645524,9.33313298277225,5.50716034911752,5.65391987311942,4.89530262133331,4.10349763970334,7.83453425539226,5.03033607837096,2.8073549220576,9.73279491665423,4.80167602925359,5.30997649237056,3.46858331700683,7.16148463864166,4.40531168259745,0.632268215499513,4.24107745817504,2.7158933705476,4.15380533607904,7.79565007727105,5.02901108665907,1.78659636189081,1.57531233068744,0.871843648509318,4.8801957289431,6.8972404255748,0.773996325111173
"ACH-000532",4.44294349584873,4.14567745519564,0.632268215499513,6.53200519379057,5.21878116778407,3.16510798514454,0.713695814843359,4.24488705912353,9.42233813729053,6.58150189667979,6.15845821621677,6.30305008468167,3.08406426478847,7.26331615469532,5.09254574154357,0.333423733725192,8.53667461756976,4.68537955195908,5.42894634476948,5.12060077384517,7.88862149734404,4.57531233068744,0.189033824390017,5.10349763970334,2.86195536414487,1.89917563048051,0.495695162624069,7.52888382727464,4.73063995591679,1.51096191927738,0.454175893185802,7.66441172785495,6.90893296724454,0.31034012061215
"ACH-000542",4.33699741660501,4.48284828306847,2.95233356636969,7.13309082430674,6.549823164967,2.59931779369823,0.16349873228288,1.18269229751619,9.84669701894828,7.72287582280956,5.79441586635011,6.47540919340106,4.28466218548316,8.19036793754628,6.69807953711188,0.238786859587116,9.83731255552431,5.30012372456901,6.31088539118528,6.19947604644285,7.38603490991357,5.62410089462811,0.150559676575381,5.53480866123175,3.68706068833989,3.47897180503294,7.18705508996806,6.83970769835037,3.34340782229781,3.32481060342048,0.286881147788161,4.07638806851284,7.48163800221041,0.575312330687437
"ACH-000552",5.10810622368613,6.10706011020335,0.189033824390017,5.97911075501579,5.75114232472695,3.68594014844598,3.05831649559082,4.77030048949942,10.1745512320835,7.77129137420209,6.84949893172018,6.57364718749332,4.20789285164133,8.87535004048504,5.80374366850523,0.389566811762726,9.59605927394828,7.0948694327187,5.82705683650015,4.9986468390058,7.09908476089186,4.68985823631925,0.01435529297707,5.4995270242151,3.36457243229586,4.06695024392463,3.97727992349992,7.57417721428104,3.66220549965362,1.25096157353322,0.650764559116902,6.68929916053589,6.30542338930187,0
"ACH-000565",5.16027483140859,5.48960715674871,0.925999418556223,6.70997983224002,6.8471200024958,3.37851162325373,1.15704371014558,3.27947129564447,8.84445470264786,6.16791986555194,6.3464250855856,5.47281266619239,2.75488750216347,6.93262815702213,5.67666233485797,1.46466826700344,8.30145046699824,6.15177765473205,4.08151006812092,4.73822740036724,6.47686768893309,4.06695024392463,0.575312330687437,4.86195536414487,3.39917109381982,3.09929520433778,1.67807190511264,5.73633427697511,3.41683974191283,1.77399632511117,0.356143810225275,6.39334755137725,6.06888573730101,2.16349873228288
"ACH-000608",3.99367436175058,5.16832111573972,3.00180224263398,5.22032995487956,4.56132613645392,4.13504228623365,2.28392177230762,2.85598969730848,8.61050813880613,8.10349763970334,6.22747154635928,6.5139644074389,1.85199883711245,6.86764940601776,5.19613488076516,0.150559676575381,8.70158371003959,3.63459326844576,4.77188557851537,4.34978987024187,6.49904859773388,5.05571626351254,0,3.58496250072116,2.85598969730848,3.73768676140986,3.21567859660793,7.22100702674919,1.43295940727611,3.35755200461808,0.176322772640463,6.79506558265962,4.64385618977472,0.176322772640463
"ACH-000624",6.25209770303744,4.96254902292306,3.00180224263398,5.2137360959228,5.23764019503539,3.08576455377831,0.464668267003444,4.29939120612683,8.355967689241,4.04176864995163,5.5579614268932,5.56346323668308,0.505890929729957,7.48607074373567,4.8073549220576,0.250961573533219,8.30067286942404,5.45877569908024,4.31759350462347,3.70043971814109,5.96416756068177,4.16188768237689,0.20163386116965,2.56315813040281,2.53106949272595,4.20867331962947,0.422233000683048,7.26931372634803,0.855989697308481,1.65992455840238,0.650764559116902,3.22032995487956,4.8094144442359,2.4541758931858
"ACH-000643",4.20711196120771,4.99954908734095,2.89336221076387,5.08831123588866,5.31251996747495,3.35614381022528,0.622930350920177,4.2585189247113,8.55485741352202,5.23802251782572,4.90833256978243,5.44261180368934,2.55090066464752,6.95953834111265,5.73984810269933,1.51096191927738,8.4275642723407,3.85399564717639,4.83187724119167,3.69376571221778,6.63052196347164,3.53977919169849,0.0426443374084937,4.42088657497553,2.06695024392463,2.95791459863299,5.31070365722511,5.93026424523502,0.782408564927373,2.0496307677246,0.632268215499513,6.02812708231714,4.17232749165762,0.895302621333307
"ACH-000651",5.18745105402733,5.81480674309309,0.941106310946432,7.13576058101617,7.48623167798101,4.16510798514454,0.807354922057604,5.64154602908752,10.2591547688668,8.09671515448854,5.40190347160796,7.75033852024471,3.68144926531496,8.59084899410464,6.33360262826828,0.678071905112638,9.98142457503897,6.44344089114443,7.38318586579031,5.45285896471381,7.18972574076697,5.46923479366766,0.124328135002202,5.07424852334703,3.1906148602095,4.10265813136374,0.111031312388744,7.6748984331333,4.83642913116165,3.32048467801769,0.367371065648529,5.16952419715,6.62322307589651,0.124328135002202
"ACH-000657",3.86195536414487,5.76844901518055,2.73768676140986,7.27332938656167,5.79441586635011,2.68481873755322,0.632268215499513,2.55336050333533,10.3303567169579,6.88813438835287,5.36876834909033,6.81839044446963,3.57046293102604,8.7070484705164,6.42038134119664,0.400537929583729,9.86023344685895,5.81839044446963,6.549823164967,6.1568415245884,7.75388528257409,5.68901954137795,2.38128337250378,5.53075745746122,3.69932952567316,4.64673869830785,0.150559676575381,6.35385255868613,2.63923216324928,1.36737106564853,0.411426245726465,5.62906513709228,6.16269343221124,0.367371065648529
"ACH-000663",4.268284666521,4.27276973243651,1.37295209791183,5.90881290773955,5.28466218548316,2.05658352836637,0.16349873228288,1.6915341649192,10.6481777957248,3.63226821549951,6.40905143853856,5.67638025546692,3.68818035858693,7.34837407519116,5.23189316164533,1.37295209791183,11.4026923363762,2.86591881455221,6.32876467228402,4.7235585614721,5.99186193055632,3.78135971352466,0.01435529297707,4.81966818349646,2.47248777146274,3.27202318906105,5.52293456094346,8.15921541722134,2.37851162325373,2.790772037862,0.53605290024021,5.82984955984469,6.5077946401987,0.0285691521967709
"ACH-000674",6.68481873755322,5.75033852024471,0.992768430768924,5.66618848987278,4.6507645591169,1.84398384404833,3.19219416528334,3.77820857639809,10.0633950812885,8.00208363978343,7.75314987879766,5.88484209379946,4.14323013477689,7.32246900411355,5.82068956055921,0.526068811667588,8.08161658331465,5.80374366850523,4.06091204958787,4.69877410890368,6.92908083524258,3.47767732756531,0.0976107966264223,4.58916423669977,3.77505054148317,3.12267271882414,0.070389327891398,6.47961860846942,3.59693514238723,2.81557542886257,0.773996325111173,4.24031432933371,6.56254772419912,0.238786859587116
"ACH-000678",4.79181407116183,5.40531168259745,2.4032677223393,7.67454539384587,7.37460481919094,3.4944156103975,0.526068811667588,3.38404980679516,8.61323695471633,7.05495697886014,5.76712507726907,6.61911951145322,2.80322703643493,7.80109397140111,6.32840565895857,0.0426443374084937,10.7307248577877,5.56315813040281,6.19140472885276,5.00450139223494,7.89941734867508,5.03033607837096,0.137503523749935,4.14486214291573,2.43028527297778,3.86690797814317,8.38995393346472,7.10013667128545,2.37295209791183,1.09761079662642,0.150559676575381,5.79649392942584,5.97177344719337,0.263034405833794
"ACH-000680",5.60910484661896,5.09000652990382,2.02147972741045,5.90183230578549,6.54828248237623,3.90592847817314,2.27500704749987,5.10601323762212,9.08025792516947,7.2350568627071,6.14995030168105,6.24164954001753,3.854993016757,7.44609077372322,5.78371855779037,0.704871964456353,9.69528049905681,6.02702131462225,5.00629802390037,4.7338966052475,7.0287901363499,4.44294349584873,0.286881147788161,6.32606989214514,4.12928301694497,3.44095219802964,0.070389327891398,6.88655014732434,5.3684191550814,2.44360665147561,0.687060688339892,6.82285758887397,5.98504496225347,0.622930350920177
"ACH-000688",5.62058641045188,5.78685769601721,1.22032995487956,6.99503219247754,6.19731499947382,3.20789285164133,0.124328135002202,4.93310047493137,10.6191195114532,7.30423722501714,6.19396881942197,5.33378150063115,4.20867331962947,7.73518366746583,6.07081863753328,0.22650852980868,10.6836964543065,5.1106138055009,4.03650333373899,5.41040894985104,7.18378423312753,4.7235585614721,0,4.71039319217052,2.22650852980868,3.85199883711245,8.83573463232109,6.79116288855502,2.790772037862,2.80529245560071,0.070389327891398,7.12598165385472,6.61279479451236,0.137503523749935
"ACH-000696",4.48091134604775,5.11769504266975,2.35049724708413,7.73247272564143,6.11914863981125,4.32409051603798,0.16349873228288,0.941106310946432,9.96410978701815,7.06619685024969,5.63952159951083,7.5274770060604,3.38404980679516,8.09566074549522,6.70321146739115,0.189033824390017,10.1817734388088,5.32300971061281,4.12928301694497,5.63546419816788,6.77280941016073,5.46499492726543,0.01435529297707,4.52919626799939,3.01792190799726,4.52418907844937,6.78790255939143,8.42731284413496,3.20476675065461,2.86987140617771,0.238786859587116,5.10977842907866,7.17092652528738,0.0565835283663675
"ACH-000701",6.41074812818595,6.21684284283726,0.933572638261024,6.72178276845979,5.70348834965682,3.73768676140986,0.678071905112638,4.27798474729977,9.22739934241177,4.95326523901484,5.46401472450489,6.77346892790519,0.807354922057604,8.50318969917099,4.16912328147676,0.321928094887362,10.1428728867681,4.87676249078156,6.3017705324551,5.62760683812965,7.46907195208039,4.16188768237689,0.0840642647884745,4.5453506448223,2.86195536414487,4.47248777146274,2.38128337250378,8.05912810795169,1.20163386116965,3.06522762277562,0.238786859587116,5.46205231879643,6.59693514238723,0.111031312388744
"ACH-000704",3.73984810269933,5.27127625917593,0.0285691521967709,6.63546419816788,5.49217365961083,2.30158764660319,0.0565835283663675,4.75915583380027,9.46295208610836,7.64190723562928,6.88789077216842,5.60821785302146,3.74416109557041,7.9842475469948,5.04919510562227,0.124328135002202,10.0446673311841,3.98823022306046,5.39266088071179,5.18428029441938,7.87473550007666,4.58916423669977,0.22650852980868,4.55151601762801,2.03210084316702,3.62058641045188,6.13031314554346,7.35385255868613,3.78135971352466,1.78240856492737,0.070389327891398,5.34801990922869,7.81249822533356,0.01435529297707
"ACH-000711",4.29498826769145,5.29204549249286,1.15055967657538,6.06544306293743,7.24393560156686,3.11103131238874,0.454175893185802,3.50589092972996,9.22289148173017,6.21916852046216,5.50937914891469,7.20114373205303,2.65306001710456,8.21417338666853,5.42961596420174,0.356143810225275,10.2760080542083,5.65162578392064,6.71094415457587,5.67863534782274,7.78959885005233,4.38750040648098,0.0976107966264223,4.67129337248158,3.24031432933371,3.67919857056692,0.678071905112638,8.16138386011199,2.83390207666916,3.1906148602095,0.807354922057604,6.45926766670339,5.98891186495402,0.823749360308273
"ACH-000713",6.35807972334892,5.3743439890385,2.81147103052984,6.52042224852645,4.99954908734095,3.05484847699562,0.176322772640463,5.34624777408278,8.94781224214106,5.59872249967662,5.44724856860178,6.59469782732387,1.59931779369823,7.03749204539908,5.53574194107511,3.5668151540109,9.11769504266976,4.95884267524324,5.50239425611126,3.87970576628229,6.45137598184461,4.17152710603881,2.71369581484336,4.68537955195908,2.97636363573276,4.14812063112396,8.67828322191709,7.58886451819015,1.85199883711245,3.47767732756531,0.27500704749987,6.37937836707126,6.58089920422574,1.49569516262407
"ACH-000719",4.25701061820602,5.37712374912949,0.704871964456353,6.07167687375186,5.37016428054021,3.29425313644451,0.176322772640463,2.37573453858316,8.49209352546795,6.8312438968552,7.83958173728678,4.92599941855622,3.95233356636969,8.96399423274969,6.70113315484797,2.41413553298445,8.9764495624369,4.80374366850523,4.67072705449947,4.40735275114004,6.77702512326077,3.93168305705981,0,5.13627342985058,1.39506279951758,3.68706068833989,9.96780264519639,4.33413917883824,3.04439411935845,2.57531233068744,0,5.46107011403305,6.61691636257881,0.20163386116965
"ACH-000721",4.97177344719337,5.59723318908613,2.82171021503467,6.99061456200153,7.33064802790278,3.07724299893246,0.298658315564515,4.81608765860021,10.6376211133433,7.06931549454008,5.06824086131282,6.66661458735288,3.37989816352469,8.04908616953728,6.309067020588,0.20163386116965,9.82196526586905,5.46139758992616,5.86542397831313,5.94860084749336,7.09740010731741,5.24564777363675,0,5.40053792958373,3.04264433740849,3.88459792099006,3.21878116778407,7.11831819221838,2.60169651648096,2.90496571868403,0.250961573533219,4.18428029441938,7.88166461932035,0.150559676575381
"ACH-000736",5.42223300068305,6.27649666564036,0.250961573533219,6.88874324889826,5.88996019965864,3.69041709553247,1.24488705912353,5.75194568161502,8.43396093112118,7.4326254114323,5.93663793900257,6.85661227317836,3.14404636961671,9.03323026222659,5.58526303088387,0.238786859587116,9.4336688918123,4.86690797814317,5.32337006906127,5.2585189247113,7.23476954003063,4.58676474335514,0.0285691521967709,4.89433274227769,3.46597446450407,4.4937754084607,2.75488750216347,8.06031764744265,3.75381844317354,3.62175885670973,0.150559676575381,5.53075745746122,6.93333657591232,0.176322772640463
"ACH-000758",5.68650052718322,8.04362885087643,1.68257329734758,7.58653958611069,7.32822611878773,3.93640237772506,0.739848102699327,4.99954908734095,2.0036022366802,8.72297825420872,6.50620838930675,6.0389189892923,3.54225804976692,7.97326686099329,7.17971008387062,1.1243281350022,8.09592441999854,5.08873524619028,4.40531168259745,4.53169336086147,7.27798474729977,5.66448284036468,0.0976107966264223,5.27909980213375,3.67581593117227,5.01167453338092,1.20789285164133,6.7110818623067,1.26303440583379,3.11935617703968,0.432959407276106,4.80632405739003,5.60733031374961,0
"ACH-000759",4.57410150808939,6.18348651445939,0.565597175854225,5.47994190147713,6.29425313644451,3.13750352374994,2.41683974191283,6.89530262133331,8.34726701775345,3.07553263116736,5.0759604132434,6.06350294230616,3.56437816856506,7.72649066158373,6.3361048254481,0.286881147788161,8.15572899724877,4.1811025507538,5.44028782084042,4.45154083301783,7.56254772419912,3.27351588970212,0.575312330687437,3.4905701304462,2.36457243229586,3.71699089440494,0.367371065648529,5.55151601762801,2.74416109557041,2.85199883711245,0.22650852980868,7.71163256182322,6.1168637576909,0.189033824390017
"ACH-000764",3.97819562968165,5.34908214639109,0.22650852980868,6.78122855346812,5.88386515450979,3.46597446450407,0.333423733725192,4.80889983925777,10.5829887165207,5.68846014042449,5.70846316507212,6.21781233083886,3.88947354253111,8.65581690829202,6.41261218499661,0.0976107966264223,10.3250805435543,5.2149019101607,6.23381138429316,4.83844759254846,6.92338691550471,4.2149019101607,0.505890929729957,4.94157586181824,3.26753579806873,4.09508049190141,7.09444722169991,7.33931557241328,3.09929520433778,2.11103131238874,1.76128527336162,4.8011586560937,6.40973035386445,0.367371065648529
"ACH-000768",3.98732086592925,5.95303237725324,4.14241343787374,6.5713734359732,6.58104990094504,3.83995958748953,0.739848102699327,4.41413553298445,9.30717803555868,7.06651978142975,6.80348537559595,6.17092652528738,3.58976348698498,7.93657905228892,6.71410811159517,0,10.9741277431914,4.58796498888268,4.72410451986685,5.33628338786443,6.95872669831156,5.07809742302666,0,4.42021289061078,3.21567859660793,4.49249415167943,5.6979405826171,7.80316244441589,2.99095486039699,3.89627184880738,0.238786859587116,4.11769504266975,6.27817064963117,0.66902676550963
"ACH-000783",6.25474519762921,6.09992635055603,0.66902676550963,6.29296575471765,5.30012372456901,3.53605290024021,0.985500430304885,6.18844048897516,1.96716860753263,5.68706068833989,5.24792751344359,6.6748278321868,1.04264433740849,7.74160181141324,6.01658546043445,0.298658315564515,8.53321291016391,8.06711163425285,5.20945336562895,5.59275601044103,8.49857001254426,4.49185309632967,0.01435529297707,3.69932952567316,3.70818723602071,4.52481592835751,0.111031312388744,6.81583156646482,2.25096157353322,1.9560566524124,0.604071323668861,7.21655186934993,5.37538702682888,0.0976107966264223
"ACH-000796",5.15704371014558,5.75248100445637,2.36457243229586,7.69682846458871,5.70984201927331,3.0036022366802,1.8073549220576,3.13750352374994,1.70043971814109,8.42848580105503,6.38370429247405,6.68327537290812,0.454175893185802,8.04772377398314,6.50318969917099,0.75702324650746,10.4019461239765,4.35755200461808,5.51127826508303,5.3533232911629,6.6979405826171,4.92076967302065,0.01435529297707,4.48155728070859,2.76553474636298,4.35543919724868,0.985500430304885,7.71747079866893,2.13750352374994,2.43562859405209,0.20163386116965,4.77978500530113,5.89409017060148,0.298658315564515
"ACH-000811",5.08746284125034,5.81583156646482,0.321928094887362,6.32624970083746,6.166514610409,3.40190347160796,0.495695162624069,5.09381367340273,8.80960737378898,5.43396093112118,6.75622271284729,6.43929068104202,3.92504996472736,7.97825284202441,6.89263388342444,0.863938450423971,11.2005921376893,5.32409051603798,5.38474058729238,5.20359271420771,7.50620838930675,5.47346223623528,0.01435529297707,4.74899785009815,3.52105073690096,4.79597469420667,8.8245132973348,6.97533211589791,2.21723071622067,2.68032435684402,0.704871964456353,6.28928117848199,7.41987593042219,1.24488705912353
"ACH-000842",3.10601323762212,3.90785207184596,2.01435529297707,5.70735913208088,5.59872249967662,3.77925972037238,0.20163386116965,4.19849415363908,9.88513199534588,7.77860284514321,5.63372181264101,6.12018602753186,3.48800077083407,8.21271523509818,5.66277517193778,0.495695162624069,9.48089115592885,4.62351574149055,5.05614996110814,4.51664555778096,6.94438996227009,4.39848719001897,0.0285691521967709,4.98276546258365,2.64616265715789,2.70265754339091,0.622930350920177,6.96624587322494,2.82171021503467,2.1243281350022,0.250961573533219,4.59514556799086,5.85549144310187,0.0840642647884745
"ACH-000847",4.47767732756531,6.05658352836637,2.62993940943954,7.11103131238874,5.27426166125705,3.72027846523333,0.594548549550354,4.61588707391606,10.6664903219205,7.24222139509837,4.71808758396052,6.27984269352035,3.23266075679027,8.06538920591303,6.2637856138908,0.137503523749935,9.88782986169403,6.25493411860649,6.35385255868613,5.64558638591361,7.28651155766423,4.9759052735237,0.01435529297707,4.97911075501579,3.21256933885081,4.24336442569366,0.176322772640463,6.9560566524124,2.10097764772482,1.61353165291793,0.0976107966264223,5.89190518821193,6.82794601683085,0
"ACH-000849",5.26791028088483,5.19613488076516,0.0976107966264223,6.04614178164472,6.14425035619052,3.37155886261196,1.20163386116965,5.18348651445939,6.56651075585788,5.68594014844598,5.99503219247754,6.73579292798531,3.05484847699562,7.72615002572616,5.11270013274936,1.26903314645524,9.52199295640167,4.20789285164133,6.74846123300404,5.76977173924945,7.27519333390221,5.03386345186628,0.871843648509318,4.20398416585599,3.4276061727819,4.19219416528334,3.58856473740135,7.38318586579031,2.27798474729977,2.09423606984577,0.454175893185802,6.54859075054854,7.35067403711449,1.09761079662642
"ACH-000856",4.63749432520631,6.01792190799726,3.87970576628229,6.59708417343337,6.31179371775365,3.60407132366886,0.815575428862573,5.09676785471469,10.4463596303584,7.05874941233552,6.07831095000713,6.65334669272218,4.75702324650746,8.00781219348618,5.87504280300259,1.59931779369823,9.20258913428148,4.82629424549963,6.30305008468167,5.10433665981474,7.11561593142811,5.76526952069059,0.0285691521967709,4.87823487911234,3.48284828306847,5.36036427654347,0.641546029087524,7.0759604132434,6.12142990894896,2.9429835981871,0.687060688339892,5.94157586181824,5.87578006306849,0
"ACH-000879",4.6507645591169,6.2688460628732,3.83289001416474,6.90074607531062,6.05571626351254,4.52919626799939,0.454175893185802,5.00045077177086,10.0801513096141,7.31804563256628,5.27052894238072,6.98230913012977,3.97269265400426,8.2728630232019,6.55826763405574,0.713695814843359,9.08645472419136,6.20652601587743,6.65778289581765,5.09676785471469,7.33181268381921,5.12763327972587,2.39231742277876,5.62614706360372,3.5298209465287,5.27537959625362,0.0976107966264223,6.98538657677202,1.98185265328974,2.93734439215023,0.238786859587116,6.28521724610209,6.34731131636528,1.22650852980868
"ACH-000880",5.04919510562227,6.0092127868052,0.124328135002202,7.17861505911909,5.78659636189081,3.06350294230616,0.238786859587116,4.83491342970104,9.82929461919645,7.27211652811202,5.74011804283313,7.17801742239103,4.98913900736823,8.80164369886622,6.18685706717715,0.0840642647884745,9.53488645761565,6.05463144878297,5.83491342970104,6.06026359873829,8.10847218427175,5.18428029441938,0.137503523749935,4.37989816352469,3.61235249875266,4.39506279951758,1.43829285157915,7.85667451599136,2.04614178164472,2.52606881166759,0.20163386116965,5.00450139223494,6.96935773910922,0.01435529297707
"ACH-000885",3.72027846523333,5.24830712008724,3.07724299893246,5.96578428466209,5.90231481249263,3.06522762277562,0.400537929583729,3.17951105027151,10.4295113566506,5.6940444130862,6.80219321694183,6.43995551747816,5.00898878322726,8.10653676886889,6.3471341137561,0.641546029087524,10.6573184495813,5.0232553523003,6.08873524619028,4.7279204545632,7.40190347160796,5.13791332208841,0.0840642647884745,4.91838623444635,3.53480866123175,4.59931779369823,7.49697358099828,6.63081315229913,2.53356334821451,3.17312743348066,0.454175893185802,7.07167687375186,6.46074256378964,0.150559676575381
"ACH-000895",5.28392177230762,5.88533031547617,1.02147972741045,6.56025639801327,6.25342205763654,3.02680005934372,2.0071955014042,5.2667865406949,9.3659068331536,7.34881666041441,6.59245703726808,6.48574882137778,2.78868571061353,7.84260177161955,6.21606678308703,2.33628338786443,8.69460165335612,6.65921102406819,4.94438996227009,5.66817586897014,6.93274625099681,3.98367769469807,0.632268215499513,5.57198012018773,3.97636363573276,4.00539998774259,0.37851162325373,6.71053095249918,5.29719141656586,2.8011586560937,0.790772037862,7.66127930215858,6.75648960675997,0.632268215499513
"ACH-000898",6.14302600388997,5.77373265060786,1.40053792958373,6.53543091487128,5.71314590249026,4.09845324630927,4.03650333373899,5.5894638929561,8.52485509743484,6.74510284645816,6.5082701755678,6.58029625988894,2.87184364850932,7.91546114574373,6.78227750019497,1.36176835941915,8.57784420397794,5.75542173473424,5.04526821513853,4.68088692071969,6.41802124128114,4.38543103719352,3.68929916053589,5.50462039240355,3.11270013274936,3.81455042346181,0.176322772640463,6.02923200313464,5.00225245173138,0.176322772640463,1.23878685958712,6.03518399661834,6.73104743933735,0.214124805352847
"ACH-000906",3.70708299177171,4.90062533253607,2.89336221076387,6.74510284645816,6.43829285157915,2.51601514700366,0.214124805352847,0.55581615506164,10.5140236042373,7.9092330723027,6.69181329717138,6.75301612873584,3.30451104180995,8.10815850945368,6.05202456048283,0.321928094887362,9.94274907082888,5.59753117422421,5.69237139970866,5.73741636593706,7.27230318809946,4.25701061820602,0.0285691521967709,4.72137265947682,2.85399564717639,3.85798099512757,3.42894634476948,6.3474884972118,3.47118746038699,2.60880924267552,0.16349873228288,5.21451341008002,6.73362549840823,0.632268215499513
"ACH-000909",3.80219321694182,5.96208624985064,2.8499992594661,6.72478667744771,6.07809742302666,3.88849973551412,0.475084882948783,4.50207595604579,10.2828567621991,7.38862007672802,4.92931759491176,6.54395979737185,3.30451104180995,8.30829351853698,6.84348142543246,0.22650852980868,9.31170291082736,6.33019983285091,5.98800293750806,6.42492208821069,7.48066904597033,5.4245862262511,0.0285691521967709,5.58135124716878,3.49697358099828,4.20945336562895,0.137503523749935,7.02236781302845,2.05658352836637,3.52356195605701,0.27500704749987,7.09602987630799,6.02945288578697,0
"ACH-000911",4.69710657447698,4.53729606709084,2.02502879449152,6.91528186586766,6.44393811501318,4.08151006812092,0.31034012061215,4.87578006306849,9.12667866411429,7.3792917161183,5.19967234483636,5.76022094646651,3.7158933705476,8.07440909934374,6.41970742081027,0.0285691521967709,10.5962829504884,4.96716860753263,5.4995270242151,5.57258654938577,7.28188367456292,5.01480160235136,0.0426443374084937,4.5668151540109,2.86591881455221,3.67807190511264,4.10936055940423,7.75835648293992,3.17312743348066,2.31614574229336,0.01435529297707,3.76553474636298,5.76447355099267,0.31034012061215
"ACH-000913",4.39711840904258,5.70348834965682,2.38681094647222,6.93663793900257,5.35543919724868,3.53356334821451,0.782408564927373,2.29572302453997,9.50622822821106,7.00337736020232,5.57561487761963,6.43429461795993,3.21412480535285,8.39955564728411,6.58180314851653,0.823749360308273,10.1900715745541,4.41616416473313,5.14282184411593,5.24678809384436,7.39549129310262,5.10685079645022,0.070389327891398,4.76818432477693,3.13750352374994,4.32768736417605,7.68678063494856,7.60622012128167,3.13586316536868,3.57773093149008,4.23878685958712,5.9759052735237,6.70030099079439,0.641546029087524
"ACH-000919",5.65563804923464,6.22265002245148,1.59454854955035,7.00461374728666,5.53138146051631,2.35614381022528,4.32768736417605,4.94485844580754,1.26903314645524,6.6409679104499,6.45828356363597,6.29406929508831,0.189033824390017,7.86894598864236,4.70099449416827,0.75702324650746,8.00798033649535,6.3501436020178,5.91790907385298,4.84247606299394,7.27742689653266,4.5090623863619,1.88752527074159,4.4594316186373,4.13996056954546,3.94016675048282,0.925999418556223,6.14995030168105,6.03298241669943,2.54101915313356,5.84473714406068,7.35658401864443,6.76181714250714,2.41142624572647
"ACH-000926",5.65992455840238,5.03957710306068,0.286881147788161,6.03298241669943,7.40335294519078,2.81762325751143,1.18269229751619,5.28725064325462,9.24262632201345,7.19869058566892,6.35138098067433,6.29902480738432,2.38404980679516,7.64753037952547,5.90110824301451,0.485426827170242,9.1935746404466,6.01680828768655,5.32768736417605,4.51285895444998,7.30286736097287,4.37712374912949,0.263034405833794,5.39951292418296,3.55213110825378,2.66902676550963,0.389566811762726,5.83617662480922,5.06651978142975,2.88166461932035,0.298658315564515,7.08618931310448,6.74644713936282,0.070389327891398
"ACH-000927",4.86344293434804,5.63110428236588,0.66902676550963,6.89857115775164,8.16082945232687,2.96347412397489,0.839959587489532,6.31070365722511,6.53153741911772,4.91025296279928,5.5438051759644,7.06350294230616,0.863938450423971,7.76002129773022,3.82476785314329,1.06350294230616,8.74173662382664,5.26002565596146,5.23304440126558,5.50620838930675,8.04805086627011,4.87627136055013,3.43028527297778,4.01703108052784,2.47508488294878,3.95977015521147,0.604071323668861,6.57893871309339,0.807354922057604,0.070389327891398,1.0703893278914,7.75147711113016,6.32589006103978,0.01435529297707
"ACH-000936",4.43362716708478,5.10643207781693,3.54596836910529,6.43978933708969,6.74698450599195,3.0686708106651,0.978195629681652,3.79701297783614,9.21254502137508,6.6915341649192,5.66106547980695,6.93380866199012,4.09508049190141,7.58391015187168,5.58916423669977,1.4541758931858,11.6248411389571,5.81583156646482,6.13072499111887,4.4867143730307,7.29425313644451,4.98823022306046,0.16349873228288,4.35543919724868,3.98185265328974,3.96439863220318,5.5573488175248,6.87073459397099,2.22958792274065,2.35049724708413,1.10433665981474,6.83339613416323,5.25323293853803,0.250961573533219
"ACH-000940",4.93545974780529,5.91480367725178,5.75301612873584,6.6906964439777,5.67976157351685,3.95046841415012,0.464668267003444,5.19495379593384,9.38402821457418,7.40786256740339,5.7292808460274,6.36159292377221,3.16832111573972,8.75815657600338,6.16249203693753,0.641546029087524,8.87869469246656,5.15299460549244,5.43429461795993,4.93498820178348,7.01402047031493,4.89384755813292,0.01435529297707,4.76553474636298,3.18428029441938,4.63052196347164,7.3887922565875,6.3037807481771,2.34198574722862,4.03913839390696,0.344828496997441,6.86195536414487,5.60614607806572,0.739848102699327
"ACH-000941",5.22342254993494,6.02170180007169,3.38543103719352,6.32624970083746,5.28355142317431,3.49185309632967,0.584962500721156,4.74685018309805,10.0781508077346,7.24260250592898,6.27612440527424,6.66562016406638,4.82680268428583,8.40594982676583,4.70818723602071,1.36176835941915,8.35062984163787,4.77663042305105,6.22187708107703,5.22727899446832,6.99265514938683,4.28243980500639,0.298658315564515,4.65535182861255,3.68929916053589,4.38266725274504,0.422233000683048,6.97762338143295,4.52105073690096,3.17152710603881,1.11103131238874,6.24678809384436,6.88874324889826,0
"ACH-000943",4.10013667128545,5.96832119610627,4.0574502721839,6.03848007993665,6.21431912080077,3.19692173382033,0.485426827170242,2.68706068833989,11.0320457269308,8.54194842533373,5.06565847093199,5.72109918870719,2.8972404255748,8.11914863981125,6.88007325387694,0.214124805352847,8.46821673206244,5.14852742516046,5.33806779754262,4.99548451887751,6.8729518511301,4.74146698640115,0,5.00180224263399,3.99095486039699,4.55336050333533,0.111031312388744,5.21878116778407,4.17232749165762,2.06695024392463,0.111031312388744,2.68481873755322,7.42894634476948,0
"ACH-000946",6.05983113619282,6.20652601587743,0.214124805352847,6.77307325343888,5.81992359556066,2.85996954822103,0.516015147003665,2.28392177230762,9.72135556907232,7.69585465757173,6.26416107128808,6.86974805146507,4.50589092972996,8.05528243550119,6.97303720562177,0.799087306074004,11.1533620242393,6.14669594803066,5.82959589917751,5.46564802598228,6.84824735270451,4.68088692071969,0.0426443374084937,4.5909612413426,3.54473265593262,4.61412086878925,2.08065766334523,7.61691636257881,2.94860084749336,2.90496571868403,0.344828496997441,5.98253731439927,6.76447355099267,0.0426443374084937
"ACH-000947",4.89093302170554,6.39763185410674,2.75060650483559,7.32021387650758,6.5713734359732,3.43295940727611,0.356143810225275,6.36632221424582,10.4691330198296,7.59290547379686,6.47069954142369,7.60880924267552,3.17632277264046,8.84846645742676,6.11311703639072,0.0840642647884745,9.31394870410366,5.11811050560737,4.605257262939,6.17472598770613,8.73254056130812,5.14323013477689,4.63923216324928,4.44757919654888,3.29278174922785,4.90110824301451,0.238786859587116,6.73998307907973,2.01792190799726,3.50462039240355,0.475084882948783,6.89530262133331,6.08533966935737,0.526068811667588
"ACH-000948",6.65205620360686,6.32030414932561,1.79493566280354,6.48655349262453,6.38024459047818,3.23878685958712,1.60880924267552,4.73552217729654,9.61590546051179,8.04346481194724,6.76062016107245,6.7953253872778,3.69932952567316,7.42374622911477,6.41074812818595,2.4541758931858,9.4572987888258,6.17751920259781,5.38370429247405,6.02635744696384,7.89366557200327,5.31179371775365,0.367371065648529,4.28762004411207,4.37642931106992,3.58135124716878,1.33342373372519,6.47557132129255,5.09381367340273,1.63226821549951,0.27500704749987,4.90448409790142,6.07531869255335,0.137503523749935
"ACH-000950",5.51947900230724,5.93121027480393,3.67919857056692,6.57061472176119,5.62585493136806,2.93734439215023,0.53605290024021,5.17512534965772,10.4666882913634,7.3264294871223,5.73849764388979,6.9371089462026,3.11769504266975,7.82228401601747,6.30250184411232,0.545968369105293,8.95710204156229,5.99412711400313,5.66845955691538,5.1243281350022,6.97808119818916,4.18507363787676,0.111031312388744,5.00854067170295,3.88166461932035,4.33771109212829,0.53605290024021,6.61999982982136,4.57349571549561,1.91838623444635,0.454175893185802,6.23993261348524,6.17052599917685,1.09761079662642
"ACH-000954",5.07681559705083,5.96739919892461,2.83794324189103,6.77636722957392,6.33842441478356,3.51096191927738,0.321928094887362,2.55581615506164,10.3068591676566,7.81909334097117,6.85187394467062,7.04144013007297,4.7235585614721,8.70687585184828,7.12080810229862,0.622930350920177,9.93485555169049,6.09571348425126,6.1053847492476,5.30742852519225,7.26819107921981,5.00270252037982,3.09423606984577,5.18150015170461,4.15218341905505,4.37851162325373,0.389566811762726,8.22978016673333,3.43562859405209,3.39231742277876,0.367371065648529,5.04701481951759,6.86913111964429,0.263034405833794
"ACH-000955",5.78345665436024,6.18665901720211,1.93357263826102,7.19140472885276,5.71314590249026,3.87676249078156,1.67807190511264,2.96162332828694,10.013880937935,5.92029330021101,5.60821785302146,6.97108365753601,3.33342373372519,8.6322318567994,6.74752167254042,0.55581615506164,7.50644643815489,6.57984388621158,4.55213110825378,6.18269229751619,8.3265643121344,4.91169158187234,0.137503523749935,5.13955135239879,3.28243980500639,4.15218341905505,0,7.44484924726391,3.5668151540109,0.956056652412403,1.16349873228288,6.31650781910311,7.37443093766236,0.0426443374084937
"ACH-000957",5.93498820178348,6.33646192818282,2.55336050333533,6.64270157183323,5.92100780045222,3.05311133645956,1.27500704749987,5.52857131887076,9.88319312479344,7.15512180235728,6.4591036961354,7.01669687836252,2.21101219348551,8.32975149851718,6.23783136909528,0.565597175854225,9.32059749697979,5.99299496685181,5.56742375770728,5.19770815795585,7.29452885456115,4.38404980679516,0.263034405833794,5.56955185108361,3.93545974780529,4.32264926213102,0,7.01189812036949,5.60436789989375,2.55581615506164,0.0840642647884745,7.74389191093657,6.94274907082889,0.31034012061215
"ACH-000958",6.49521546352043,6.37920505996061,2.79285535236249,7.11571995818237,5.97384083953315,4.12184429787638,2.17951105027151,4.74899785009815,9.94594123167361,7.82432235099862,5.1906148602095,6.7574233468218,3.66448284036468,7.40394936423287,6.85511763948769,4.44691786486603,8.27645013834725,6.77425995143276,5.14200491598488,5.96809075204526,6.61353165291793,5.58766502110098,0.594548549550354,5.58496250072116,4.46532151358055,3.95233356636969,2.0071955014042,5.87332106291482,3.3533232911629,3.3305584000308,1.26903314645524,4.98504496225347,6.05961485629722,0.070389327891398
"ACH-000959",6.63589946594638,6.40497122358917,0.815575428862573,6.79272523330573,6.43362716708478,3.68818035858693,1.82781902461732,5.54966917072649,10.283088353024,7.89002102025859,6.04439411935845,7.83314309635834,3.73552217729654,7.71568749184003,6.77584069853125,0,9.24038588981292,6.48800077083407,5.67525138605026,5.92386226807603,7.27015513876653,5.03957710306068,0.16349873228288,6.08725066461331,4.6046644151637,4.12267271882414,0.815575428862573,6.67086865483731,4.85399564717639,3.19534759832222,0.0565835283663675,7.00067610485072,7.5298209465287,0.0426443374084937
"ACH-000961",4.71534429535891,6.35208757799023,3.27649666564036,6.67905778549329,5.83213050109593,3.60762622084549,0.53605290024021,5.20789285164133,10.465668430554,7.72212443691394,5.05614996110814,6.64904056563445,3.82273014794452,8.07953811722328,6.89506021268939,0.526068811667588,8.2071607792448,5.00090140274153,5.87897051015108,5.18824265626441,6.62716906084185,4.86245139132558,0.650764559116902,4.89917563048051,4.00898878322726,4.19219416528334,0.495695162624069,6.96647661213641,2.56071495447448,3.21723071622067,0.214124805352847,6.76234881564413,6.19120730223037,0.01435529297707
"ACH-000962",4.36246988875021,5.73199778664374,4.09339115325301,6.5765221379205,6.2748207370404,3.36876834909033,0.863938450423971,0.238786859587116,10.2319411483087,6.95407995932097,6.36824452637684,6.59439925632925,3.54349588342577,8.10737402390342,5.88874324889826,1.29865831556452,9.15722059926741,5.0360636887437,5.76526952069059,4.74523733212975,7.29599846191139,5.35614381022528,0.0285691521967709,4.74899785009815,3.90110824301451,3.877744249949,0.214124805352847,6.4274385637151,2.90689059560852,2.50080205305716,0.871843648509318,5.20398416585599,6.26322224452176,0.0840642647884745
"ACH-000965",4.74038793246835,5.97452931248388,1.83592407425437,6.25550073314839,5.94789988624827,3.22342254993494,0.956056652412403,4.61999982982136,9.44914864537544,6.27835652801072,5.63052196347164,6.54442356218942,2.87970576628229,7.78476569631639,6.00112666545428,0.189033824390017,9.75858967269477,5.8040019151793,5.98139603197215,5.66020987335256,6.84033733875703,4.68088692071969,3.43562859405209,4.18665901720211,3.7158933705476,4.75862298244024,0.575312330687437,7.47053686509258,1.90303827011291,2.63923216324928,0.250961573533219,6.45499836344403,6.62570884306447,0.124328135002202
"ACH-000966",3.98732086592925,5.71616782979715,1.51096191927738,7.03716255012738,6.13010717865883,3.09423606984577,0.687060688339892,2.79701297783614,10.2774036480689,7.94807515849108,5.65477921695952,6.17392693199981,4.25701061820602,8.19244077560529,5.5933537709803,0.321928094887362,10.4070552751007,5.70321146739115,6.03276207381379,5.68369645430652,6.88190928904719,5.33628338786443,0.189033824390017,5.06091204958787,3.26303440583379,4.38335869538511,0.956056652412403,7.09138249094364,2.62760683812965,0.978195629681652,0.0976107966264223,5.26791028088483,6.84373265661131,0.0426443374084937
"ACH-000967",6.11727946005392,7.16882252159084,1.23266075679027,6.70002349607515,5.51884982870769,4.24868662687383,2.76553474636298,2.26603689399532,9.9217814432688,6.35085080548338,6.60332961626427,6.85137426675727,3.35755200461808,8.1766718338829,5.70071713282148,2.15380533607904,8.15289323212761,5.18863829456139,4.4867143730307,5.08151006812092,7.41616416473313,4.65821148275179,1.02856915219677,4.84498815668261,3.4235781709818,5.28651155766423,1.4594316186373,7.33037912758063,2.39231742277876,1.60880924267552,0.604071323668861,5.26040209302579,6.40446038438375,0.124328135002202
"ACH-000970",5.22689381357139,5.44526320814044,3.66334461936609,7.35579154675365,6.59618975614441,4.78920757534734,1.33913738491959,3.84498815668261,10.5657685161777,7.13832300405648,6.15441308517497,6.40394936423287,2.93168305705981,7.96081285795656,6.81390942507703,0.250961573533219,9.3508287106217,5.48960715674871,5.64010029789039,5.1122831085982,7.20055535723212,5.29057185085208,0.55581615506164,5.03738222200308,4.43162295971329,4.4154882710497,1.39506279951758,6.27891401949994,3.18586654531133,1.30451104180995,0.333423733725192,4.27575204882853,5.8801957289431,0.333423733725192
"ACH-000971",5.9297909977186,5.90086680798075,1.74416109557041,7.83080039032852,6.0239206486187,2.86195536414487,0.516015147003665,5.56102057782927,10.7557221536423,8.54484854901546,6.35543919724868,7.27435485560099,4.48607074373567,8.71414246433983,6.44045394382303,0.214124805352847,10.125800892508,6.76035403027647,7.31242920625061,6.02790599656988,7.32129677769627,5.99909803370561,0.678071905112638,6.01680828768655,4.40053792958373,4.20867331962947,0.176322772640463,8.16138386011199,2.39780296186249,2.53605290024021,0.070389327891398,4.09929520433777,6.78803311412125,0.01435529297707
"ACH-000972",4.13093086982645,5.63923216324928,1.25701061820602,6.85174904141606,5.96254902292306,3.10768786931437,0.505890929729957,3.19534759832222,10.1587359027319,8.46409643350958,6.49089097889429,6.50557340028202,4.67807190511264,8.33413917883824,6.64789009105921,0.84799690655495,8.97725129831433,5.67016051412663,6.26341005875634,5.94321808742628,6.81928498059698,5.12267271882414,0.992768430768924,5.1554254317472,3.39506279951758,4.13010717865883,3.36457243229586,6.49920809085669,3.55458885167764,3.03738222200308,0.070389327891398,4.01077983875324,6.40616247877761,1.07724299893246
"ACH-000974",3.41142624572647,5.48832219114082,2.04264433740849,6.34109623795764,6.47897180503294,3.52857131887076,1.06350294230616,3.78659636189081,9.31018104453379,7.00495075995105,6.44493204894218,5.6940444130862,5.10517519226548,8.30674526918095,6.40650265681287,2.96716860753263,9.00495075995105,4.82273014794452,5.79805051476751,5.08321336824898,6.73687542290827,5.05137210172103,0.16349873228288,4.47378691161437,2.26303440583379,3.65992455840238,0.575312330687437,4.62819033461521,3.12267271882414,2.43028527297778,0.632268215499513,6.24830712008724,5.87011808396593,0.01435529297707
"ACH-000978",4.60050764534579,5.85324716724215,2.70043971814109,6.790772037862,5.38128337250378,3.54225804976692,1.03562390973072,3.88068552526112,9.68970101815208,7.62913801336036,5.85324716724215,6.80180534355842,3.35895882583233,8.98296506265287,6.16510798514454,1.10433665981474,8.57705110973515,5.10223819393074,5.88239850405388,6.3215673760354,7.65913965122127,4.89336221076387,0.0840642647884745,4.84247606299394,3.11103131238874,3.79389588254888,0.505890929729957,5.79207446192887,1.44890095114513,2.37016428054021,2.35895882583233,5.24336442569366,6.52732060787705,0.0426443374084937
"ACH-000982",5.67919857056692,6.20496233054251,1.54101915313356,6.73077579651205,5.98025384598826,3.62643913669732,1.32768736417605,5.39025495632187,10.2166246182237,7.42374622911477,6.09571348425126,7.09550251765867,2.06695024392463,8.10768786931437,6.46907195208039,0.432959407276106,9.03576135507364,7.10024182015331,6.00247750360624,5.58796498888268,7.49761236561836,4.84498815668261,1.48026512205446,5.17352723812251,3.99548451887751,4.28762004411207,0.238786859587116,6.86888427302877,5.42054977211632,1.81966818349646,0.422233000683048,7.88307090393257,7.27770584887942,0.01435529297707
"ACH-000984",5.76048710181103,6.98013957763916,4.96578428466209,7.43995551747816,6.75421943313514,3.9297909977186,0.815575428862573,3.74092756031863,9.76677734215128,8.08640164588003,5.92314918047231,7.43887500263395,4.53294028837287,7.89742196134765,6.62600100488014,0.604071323668861,9.35537312213516,6.3328869169596,6.40837220357268,6.49649430685371,7.71603060669904,5.65334669272218,0.0976107966264223,5.61294219630467,4.30815697511476,4.67694435910691,1.89530262133331,7.49769219381265,3.97544676564096,2.22958792274065,0.863938450423971,5.85024935828633,6.88239850405388,0.070389327891398
"ACH-000985",5.89214812751382,5.59126052462153,0.124328135002202,6.13442632022093,5.03694284479826,3.68257329734758,1.02147972741045,4.79701297783614,10.569001128008,7.19475685442225,5.35755200461808,6.61559285651096,3.46205231879643,7.71087529578098,5.92243574023315,1.07724299893246,8.2309811116465,6.14465824283188,5.45055144330648,4.5090623863619,5.53262865751717,4.32048467801769,0.985500430304885,5.5453506448223,3.47118746038699,3.73443866613717,0.37851162325373,6.99830835035429,4.56132613645392,2.56803210477128,0.475084882948783,7.24098208914239,6.54225804976692,0.189033824390017
"ACH-000988",4.25701061820602,5.75274859140713,2.60880924267552,7.09771612974375,5.82043428407604,3.71699089440494,0.263034405833794,2.96716860753263,10.007027266894,8.25375295641701,6.18923154864728,6.76341157447001,2.68032435684402,8.4258033540251,6.57334422759282,0.495695162624069,9.43087066354815,5.1243281350022,5.79727243202997,5.08023127201926,7.46082445832268,4.9174317553901,0.0285691521967709,4.53480866123175,3.07553263116736,3.66562016406638,0.622930350920177,7.29627384670672,2.60169651648096,3.55949181320504,0.0565835283663675,5.88410945135923,6.79363582035063,0
"ACH-000990",4.91217080294995,6.12887075946512,0.0285691521967709,6.36527259976453,5.82247523230804,2.98185265328974,1.44890095114513,4.41345868800798,9.32836077601051,5.36492255850577,5.54843662469604,6.18942924580976,5.22149045504206,7.84310449661493,6.22612314312524,1.70487196445635,9.5300356173186,5.30924896081662,5.16148463864166,4.16510798514454,6.77135740899056,4.60169651648096,0.01435529297707,3.73335434061383,3.43562859405209,4.20398416585599,2.3533232911629,6.53434179481026,4.76341157447001,2.91838623444635,1.26903314645524,6.72805655144938,5.67327373660982,0.0285691521967709
"ACH-000991",6.40701277351601,6.72574115650395,2.86987140617771,7.70742815890039,6.1568415245884,3.46336088581666,2.48542682717024,5.8760257327227,3.74200621086674,6.39334755137725,6.8011586560937,6.114367024952,3.03913839390696,7.33458615193128,6.30012372456901,5.28651155766423,7.85424505422013,4.95652136333312,4.10013667128545,5.43162295971329,7.24107745817504,5.25550073314839,0.613531652917927,5.04483123344781,3.20476675065461,4.26753579806874,1.50080205305716,4.91312876781974,4.63691458035588,2.7158933705476,0.495695162624069,4.45877569908024,6.77399632511117,0.0426443374084937
"ACH-000994",4.26528685756517,6.42576140119084,3.50589092972996,7.36579750245938,5.12184429787638,3.95419631038688,0.333423733725192,4.78868571061353,10.1128304280794,7.45787332248643,6.04286317624712,6.5274770060604,4.42088657497553,8.58803997108383,5.31288295528436,2.98185265328974,10.0746766862945,5.88971689161508,6.52575569282949,5.09043004232162,7.33449676839042,5.43229133824778,0.111031312388744,5.25436728144083,3.60169651648096,4.82781902461732,0.765534746362977,7.48107285682775,2.01792190799726,0.411426245726465,0.6959938131099,4.36876834909033,8.61625476131537,0.189033824390017
"ACH-000996",4.25776496857139,5.8636907136601,0.584962500721156,6.65520869700463,5.40701277351601,3.58496250072116,0.516015147003665,3.64270157183323,9.55744455488762,7.19209550934999,6.18586654531133,6.47767732756531,2.84599177066457,8.11753921321731,6.0589658220023,1.41683974191283,9.03240394483361,4.95093492831454,5.26641176603611,4.90833256978243,6.77412814429358,4.30524096595448,0.356143810225275,4.74953426766926,2.98732086592925,4.15785216914174,3.05137210172103,6.23016457788425,2.92599941855622,1.91073266190291,0.650764559116902,5.52073652693764,7.29737486052832,0.0426443374084937
"ACH-000997",4.68032435684402,5.78214642355464,3.81352468929781,7.4916927879745,5.91049283228871,2.94485844580754,0.189033824390017,4.64038956005495,10.9366379390026,8.45602579233624,6.11831819221838,7.75615598165364,4.86690797814317,8.71383326018628,6.56056211851471,0.782408564927373,10.3204621131665,5.45647762935182,6.57198012018773,5.97108365753601,7.4086269541618,5.49920809085669,0.0285691521967709,5.3327079336406,4.52230689287139,4.99095486039699,0.31034012061215,7.51167359981844,4.20945336562895,2.93922657772821,0.31034012061215,6.18408189037026,7.09212284983868,0.0285691521967709
"ACH-001145",4.43162295971329,5.76314595814948,3.8923910259134,7.58661464242998,6.46890909211059,3.40463068421761,0.713695814843359,0.27500704749987,10.388124945137,8.05750442638675,6.31903981556254,7.38258079910961,3.93734439215023,8.27598478286909,6.34251918966061,0.839959587489532,10.5093791489147,5.33342373372519,6.42273758653753,5.8171115727957,7.48317085322987,5.95977015521147,0,5.11270013274936,4.40190347160796,3.81864608282254,0.0565835283663675,7.17951105027151,3.24640808724638,3.34482849699744,0.31034012061215,4.81301154860562,7.00641023912548,0.0285691521967709
